Workbook

Sheet README
A1: WHITE RUST OF MUSTARD - EXPECTED-VALUE (SIMULATION) MODEL
A2: IARI New Delhi, rabi 2025-26 | 4 sowing dates x 3 varieties | assessments 11/02, 24/02, 03/03, 13/03/2026
A4: STATUS OF THESE NUMBERS: SIMULATED / EXPECTED VALUES - NOT MEASURED DATA
A5: All values are model outputs built from published baselines, white-rust and analogous-disease effect sizes, the IARI 2025-26 daily weather, your DAS/GDD/phenology and your sampling leaf. Use them as hypotheses, expected ranges, priors for sanity-checking field data, synthetic data for testing analysis/ML pipelines, and as the 'expected' column when you discuss your results. Do NOT report them in the thesis as observations. Where your measured data exist, they replace these values.
A7: HOW THE MODEL WORKS
A8: 1. Healthy value (same treatment, date, stage, leaf) = reference value x stage factor x (1 - heat sensitivity x heat index h) x variety factor [x cold-legacy factor for anthocyanin]. LAI uses a GDD-driven canopy curve.
A9: 2. Diseased value = Healthy x (1 + R(s) x variety tolerance x lesion-age factor), where s = disease index (fraction) and R(s) is the parameter's severity-response curve (Response_Table).
A10: 3. Range = values at the lower and upper DI limit of the class, widened by +/- 1.645 x CV (approx. 90% interval) for plant-to-plant and assay variability.
A11: 4. E (transpiration) = gs x leaf-to-air VPD / P, using the measurement-time VPD from the weather of the 7 days to the assessment date, plus extra cuticular loss through ruptured pustules.
A12: 5. Thermal parameters come from an energy-balance CWSI logic: CWSI = 1 - (1 - CWSI_healthy) x E_diseased / E_healthy, Tc = Twet + CWSI x (Tdry - Twet), with Twet/Tdry baselines from flight-time air temperature and VPD.
A14: SHEETS
A15: Inputs_General - all global assumptions (blue = editable input).
... A34: - The 11/02 assessment is 6 days after inoculation; any visible disease then most likely comes from natural infection during the favourable spell of 18 Dec-4 Feb (see Weather flags).

Sheet Inputs_General
A1: GLOBAL INPUTS (blue cells on yellow are editable assumptions)
A3: Key | B3: Assumption | C3: Value | D3: Unit | E3: Basis / source
A4: Tbase | B4: Base temperature for GDD | C4: 5 | D4: deg C | E4: Rana et al. 2017 (Nanda et al. 1996) base 5 C for B. juncea
A5: EmergGDD | B5: GDD from sowing to emergence | C5: 110 | D5: deg C d | E5: Rana et al. 2017: 100-125 GDD
A6: Inoc | B6: Inoculation date | C6: 46058 | D6: date | E6: User: all treatments inoculated on 05/02/2026
A7: HeatThr | B7: Heat-index threshold (weekly mean Tmax) | C7: 27 | D7: deg C | E7: Assumption: above ~27 C Tmax late-sown mustard shows heat stress
A8: HeatSpan | B8: Heat-index span (Tmax rise giving h = 1) | C8: 8 | D8: deg C | E8: Assumption: h = (Tmax_wk - 27)/8, so h ~ 1 at 35 C
A9: fMeas | B9: Fraction of diurnal T range at IRGA time (~10:30-11:30 h) | C9: 0.8 | D9: - | E9: Assumption for leaf-to-air VPD at gas-exchange time
A10: gMeas | B10: Weight of morning RH at IRGA time | C10: 0.3 | D10: - | E10: RH_meas = RH II + g x (RH I - RH II)
A11: fFlight | B11: Fraction of diurnal T range at UAV thermal flight (~12:30 h) | C11: 0.9 | D11: - | E11: Flights 11:00-14:00 per review draft
A12: gFlight | B12: Weight of morning RH at flight time | C12: 0.15 | D12: -
A13: Patm | B13: Atmospheric pressure, New Delhi (~216 m asl) | C13: 99.3 | D13: kPa | E13: Standard atmosphere at 216 m
A14: a_wet | B14: Non-water-stressed baseline intercept (Tc - Ta at VPD = 0) | C14: 1 | D14: deg C | E14: Idso-type NWSB: Tc - Ta = a - b x VPD
A15: b_wet | B15: Non-water-stressed baseline slope | C15: 1.9 | D15: deg C/kPa | E15: Typical crop NWSB slopes 1.5-2.2 C/kPa
A16: dT_dry | B16: Upper (non-transpiring) baseline: Tdry - Ta | C16: 4 | D16: deg C | E16: Typical 3-5 C under midday radiation
A17: CWSI_V | B17: Healthy-canopy CWSI, vegetative | C17: 0.12 | D17: - | E17: Irrigated, transpiring canopy
A18: CWSI_F | B18: Healthy-canopy CWSI, flowering | C18: 0.2 | D18: - | E18: Yellow petals raise canopy temperature
A19: CWSI_P | B19: Healthy-canopy CWSI, pod formation | C19: 0.3 | D19: - | E19: Senescing lower canopy, pods
A20: CWSI_heat | B20: Extra healthy CWSI per unit heat index h | C20: 0.05 | D20: -
A21: Cuticle | B21: Extra water loss through ruptured pustules (fraction per unit s) | C21: 0.25 | D21: - | E21: Field-crop review: rust pustule rupture can raise cuticular loss
A22: z | B22: z for range (90% interval) | C22: 1.645 | D22: -
A23: TcSD0 | B23: Within-plot canopy-temperature SD, healthy | C23: 0.6 | D23: deg C | E23: Assumption for 2-cm FLIR pixels
A24: TcSDslope | B24: Increase of within-plot Tc SD per unit s | C24: 2 | D24: deg C | E24: Patchy lesions raise thermal heterogeneity
A25: gsVPDm | B25: Stomatal sensitivity to VPD: gs = gs_ref x (VPD/VPDref)^-m | C25: 0.5 | D25: - | E25: Leuning/Oren-type response; m ~0.5 for C3 crops
A26: VPDref | B26: Reference VPD for gs reference value | C26: 1 | D26: kPa | E26: gs reference value applies at ~1 kPa
A27: G50 | B27: LAI curve: GDD (from emergence) at half of LAImax | C27: 330 | D27: deg C d | E27: Calibrated so canopy closes near flowering
A28: Gscale | B28: LAI curve: logistic scale | C28: 100 | D28: deg C d
A29: Gdecl | B29: LAI decline starts (GDD from emergence) | C29: 800 | D29: deg C d | E29: Around pod initiation (Rana et al. 2017: 685-816)
A30: Gdeclsc | B30: LAI decline scale | C30: 300 | D30: deg C d

Sheet Inputs_Treatments
A1: TREATMENT INPUTS (blue on yellow = editable)
A3: Sowing | B3: Sowing date | C3: LAImax healthy | D3: Exposure factor (expected DI) | E3: Anth cold factor 11/02 | F3: Anth cold factor 24/02 | G3: Anth cold factor 03/03 | H3: Anth cold factor 13/03 | I3: Note
A4: D1 | B4: 46000 | C4: 3.4 | D4: 1 | E4: 1 | F4: 1 | G4: 1 | H4: 1 | I4: Sown 09/12/2025 (ORW slide 11 says 08/12 - DAS table fits 09/12). Inoculated at 58 DAS; >=36 DAS from 14 Jan inside the favourable spell
A5: D2 | B5: 46009 | C5: 3.2 | D5: 0.9 | E5: 1.05 | F5: 1 | G5: 1 | H5: 1 | I5: Inoculated at 49 DAS; >=36 DAS from 23 Jan
A6: D3 | B6: 46018 | C6: 2.9 | D6: 0.75 | E6: 1.2 | F6: 1.05 | G6: 1 | H6: 1 | I6: Inoculated at 40 DAS; leaves formed in Jan cold spell
A7: D4 | B7: 46031 | C7: 2.5 | D7: 0.6 | E7: 1.4 | F7: 1.15 | G7: 1 | H7: 1 | I7: Inoculated at 27 DAS; emerged during 10-17 Jan cold (Tmin 1.6-4 C) -> cold-induced anthocyanin in young leaves
A10: Variety
A11: Variety | B11: Name | C11: Reported reaction | D11: Tolerance factor on R(s) | E11: Susceptibility (expected DI) | F11: LAI factor | G11: Basis
A12: V1 | B12: Pusa Mustard 26 | C12: Susceptible (PDI 44.4) | D12: 1 | E12: 0.8 | F12: 0.95 | G12: Shrivastava et al. 2023. Early-maturing: flowered first in your phenology table
A13: V2 | B13: Pusa Vijay | C13: Highly susceptible (PDI 55.6) | D13: 1.1 | E13: 1 | F13: 1 | G13: Shrivastava et al. 2023
A14: V3 | B14: Pusa Mustard 37 | C14: Moderately resistant (UNVERIFIED) | D14: 0.85 | E14: 0.5 | F14: 1 | G14: Label from ORW slide 27; no verified source yet - treat as assumption
A17: Assessment dates
A18: Date code | B18: Date | C18: Reference expected DI (V2 x D1) | D18: Basis
A19: 11/02/2026 | B19: 46064 | C19: 3 | D19: 6 DAI: before the 8-13 d incubation of inoculated infections; only natural pre-inoculation infection visible
A20: 24/02/2026 | B20: 46077 | C20: 18 | D20: 19 DAI: first inoculated cycle sporulated; borderline-favourable week after inoculation
A21: 03/03/2026 | B21: 46084 | C21: 28 | D21: 26 DAI: secondary cycle limited by dry, warm weather (no favourable days after 5 Feb)
A22: 13/03/2026 | B22: 46094 | C22: 35 | D22: 36 DAI: near plateau; onset-to-peak ~40 d (Singh M. et al. 2024); heat (Tmax ~35 C) halts spread
A24: Expected DI = reference DI (date) x variety susceptibility x sowing exposure. It is a scenario only; overwrite column C or the factors with your observed plot DI when available.

Sheet Parameters
A1: PARAMETER BASELINES, MODIFIERS AND SEVERITY-RESPONSE COEFFICIENTS (blue on yellow = editable)
I2: Healthy-value modifiers | P2: Severity-response curve R(s) | X2: Lesion-age factor by date (damage lag behind sporulation; Chou et al. 2000)
A3: Code | B3: Parameter | C3: Unit | D3: Method | E3: Reference healthy value | F3: CV | G3: Ref range low | H3: Ref range high | I3: Stage factor V (3rd leaf) | J3: Stage factor F (5th leaf) | K3: Stage factor P (5th leaf) | L3: Heat sensitivity | M3: Variety factor V1 | N3: Variety factor V2 | O3: Variety factor V3 | P3: Response type | Q3: Sign | R3: Rmax | S3: k | T3: Logistic centre | U3: Logistic scale | V3: Hump amplitude | W3: Hump peak s | X3: 11/02/2026 | Y3: 24/02/2026 | Z3: 03/03/2026 | AA3: 13/03/2026 | AB3: Evidence level | AC3: Basis / sources
A4: RWC | B4: Relative water content | C4: % | D4: Dehydration & imbibition (Barrs & Weatherley 1962) | E4: 86 | F4: 0.04 | G4: 82 | H4: 90 | I4: 1 | J4: 0.99 | K4: 0.95 | L4: 0.05 | M4: 1 | N4: 1 | O4: 1 | P4: logistic | Q4: -1 | R4: 0.3 | S4: 0 | T4: 0.35 | U4: 0.12 | V4: 0 | W4: 0 | X4: 0.5 | Y4: 1 | Z4: 1 | AA4: 1 | AB4: E4 + E3 | AC4: Healthy 86% at flowering (Jobner field study, RGN-229); 85% max (PLOS ONE 2021 K study). Threshold decline once pustules rupture epidermis (mechanism); your ASD SWIR spectra showed lower water in diseased leaves on 03/03 and 13/03.
A5: MSI | B5: Membrane stability index | C5: % | D5: Electrolyte leakage (Sairam 1994) | E5: 72 | F5: 0.07 | G5: 62 | H5: 78 | I5: 1 | J5: 0.98 | K5: 0.92 | L5: 0.12 | M5: 1 | N5: 1 | O5: 1 | P5: logistic | Q5: -1 | R5: 0.7 | S5: 0 | T5: 0.28 | U5: 0.1 | V5: 0 | W5: 0 | X5: 0.5 | Y5: 1 | Z5: 1 | AA5: 1 | AB5: E4 + E3 | AC5: Healthy ~72% (similar-experiment HR class; PLOS ONE 2021: 57-73%). Late, steep collapse at high severity (similar-experiment S class 66 -> 31 -> 14%); heat lowers MSI independently.
A6: Pn | B6: Net photosynthetic rate | C6: umol CO2 m-2 s-1 | D6: LI-6400 | E6: 19 | F6: 0.12 | G6: 15 | H6: 24 | I6: 1 | J6: 1 | K6: 0.85 | L6: 0.12 | M6: 1 | N6: 1 | O6: 1.03 | P6: exp | Q6: -1 | R6: 0.75 | S6: 4.4 | T6: 0 | U6: 0 | V6: 0 | W6: 0 | X6: 0.8 | Y6: 1 | Z6: 1 | AA6: 1 | AB6: E2 + E3 | AC6: Healthy 15-20 (similar-experiment HR), 18-31 (Plants 2025, green B. juncea). Chou et al. 2000: whole-leaf A fell to 30% of control by 14 DAI (~30% leaf colonised); decline is non-stomatal.
A7: gs | B7: Stomatal conductance | C7: mol H2O m-2 s-1 | D7: LI-6400 | E7: 0.45 | F7: 0.18 | G7: 0.3 | H7: 0.65 | I7: 1 | J7: 1 | K7: 0.85 | L7: 0 | M7: 1 | N7: 1 | O7: 1 | P7: exp | Q7: -1 | R7: 0.65 | S7: 3 | T7: 0 | U7: 0 | V7: 0 | W7: 0 | X7: 0.8 | Y7: 1 | Z7: 1 | AA7: 1 | AB7: E2(indirect) + E3 | AC7: Healthy 0.38-0.52 (similar-experiment HR); 0.62-0.85 in pots (Plants 2025). Healthy gs declines with VPD (gs_ref x (VPD/1 kPa)^-0.5, Inputs_General). Chou et al. 2000: transpiration unchanged at 8 DAI, so gs declines later and less steeply than Pn.
A8: E | B8: Transpiration rate | C8: mmol H2O m-2 s-1 | D8: LI-6400 (derived: gs x VPD / P) | E8: 0 | F8: 0.18 | G8: 2 | H8: 7 | I8: 1 | J8: 1 | K8: 1 | L8: 0 | M8: 1 | N8: 1 | O8: 1 | P8: derived | Q8: 0 | R8: 0 | S8: 0 | T8: 0 | U8: 0 | V8: 0 | W8: 0 | X8: 0.8 | Y8: 1 | Z8: 1 | AA8: 1 | AB8: Physics + E3 | AC8: E = gs x leaf-to-air VPD / P (LI-6400 relation); extra cuticular loss through ruptured pustules. Similar-experiment HR values 4.0-6.6 rising with VPD through the season.
A9: Ci | B9: Intercellular CO2 (extra, from LI-6400) | C9: umol mol-1 | D9: LI-6400 | E9: 285 | F9: 0.06 | G9: 270 | H9: 320 | I9: 1 | J9: 1 | K9: 1.03 | L9: 0 | M9: 1 | N9: 1 | O9: 1 | P9: exp | Q9: 1 | R9: 0.3 | S9: 4 | T9: 0 | U9: 0 | V9: 0 | W9: 0 | X9: 0.8 | Y9: 1 | Z9: 1 | AA9: 1 | AB9: E3 | AC9: Healthy ~285 (similar-experiment HR). Ci rises while gs falls = non-stomatal limitation (Tatagiba et al. 2015; similar-experiment S class +27%). Not in your list but recorded by the LI-6400 - report it.
A10: LAI | B10: Leaf area index | C10: m2 m-2 | D10: Canopy analyser | E10: 0 | F10: 0.12 | G10: 0.3 | H10: 4 | I10: 1 | J10: 1 | K10: 1 | L10: 0 | M10: 1 | N10: 1 | O10: 1 | P10: exp | Q10: -1 | R10: 0.45 | S10: 2.5 | T10: 0 | U10: 0 | V10: 0 | W10: 0 | X10: 0.5 | Y10: 1 | Z10: 1 | AA10: 1 | AB10: E4 | AC10: Healthy LAI from GDD canopy curve and LAImax per sowing (Inputs_Treatments). Disease: premature senescence and defoliation (Bal & Kumar 2014: total defoliation in unsprayed plots at PDI ~70).
A11: ChlA | B11: Chlorophyll a | C11: ug mg-1 FW (= mg g-1 FW) | D11: DMSO (Wellburn 1994) | E11: 1.25 | F11: 0.1 | G11: 1 | H11: 1.6 | I11: 0.95 | J11: 1 | K11: 0.85 | L11: 0.06 | M11: 1 | N11: 1 | O11: 1.03 | P11: exp | Q11: -1 | R11: 0.65 | S11: 3.2 | T11: 0 | U11: 0 | V11: 0 | W11: 0 | X11: 0.5 | Y11: 1 | Z11: 1 | AA11: 1 | AB11: E1(qual) + E2 | AC11: Total chl 0.86-1.75 mg g-1 FW in B. juncea leaves at 45-65 DAS (phytojournal 2019). Chou et al. 2000: chl stable to 12 DAI then -60% in invaded tissue by 14 DAI. Rai et al. 2024: higher in resistant NIL.
A12: ChlB | B12: Chlorophyll b | C12: ug mg-1 FW (= mg g-1 FW) | D12: DMSO (Wellburn 1994) | E12: 0.45 | F12: 0.12 | G12: 0.35 | H12: 0.6 | I12: 0.95 | J12: 1 | K12: 0.88 | L12: 0.06 | M12: 1 | N12: 1 | O12: 1.03 | P12: exp | Q12: -1 | R12: 0.55 | S12: 3 | T12: 0 | U12: 0 | V12: 0 | W12: 0 | X12: 0.5 | Y12: 1 | Z12: 1 | AA12: 1 | AB12: E1(indirect) + E2 | AC12: a:b ~2.8 in healthy leaves. Chou et al. 2000: both a and b lost. DMSO can overestimate chl b (Quercus study) - use one extraction protocol throughout.
A13: Car | B13: Carotenoids | C13: mg g-1 FW | D13: Spectrophotometric (Wellburn 1994 DMSO eq.) | E13: 0.3 | F13: 0.12 | G13: 0.22 | H13: 0.45 | I13: 0.95 | J13: 1 | K13: 0.9 | L13: 0.03 | M13: 1 | N13: 1 | O13: 1.03 | P13: hump | Q13: -1 | R13: 0.4 | S13: 3 | T13: 0 | U13: 0 | V13: 0.1 | W13: 0.1 | X13: 0.5 | Y13: 1 | Z13: 1 | AA13: 1 | AB13: E1(qual) + E3 | AC13: Rai et al. 2024: carotenoids ROSE continuously 0-96 hpi in the susceptible line; field-crop review: Car/Chl rises at intermediate severity. Modelled as small early rise then decline.
A14: Anth | B14: Anthocyanin | C14: ug g-1 FW (cyanidin-3-glucoside eq.) | D14: pH differential (Lee et al. 2005) | E14: 15 | F14: 0.3 | G14: 5 | H14: 35 | I14: 1.1 | J14: 1 | K14: 1.15 | L14: 0 | M14: 1 | N14: 1 | O14: 1 | P14: exp | Q14: 1 | R14: 0.6 | S14: 3 | T14: 0 | U14: 0 | V14: 0 | W14: 0 | X14: 0.5 | Y14: 1 | Z14: 1 | AA14: 1 | AB14: E4 (speculative) | AC14: No white-rust data at any level. Green B. juncea leaves: anthocyanins near detection limit (PMC4992693). Rise assumed from stress/phenylpropanoid induction (field-crop review); cold (Jan) and senescence also raise it.
A15: Prot | B15: Total soluble protein | C15: ug mg-1 FW | D15: Bradford (1976), colorimetric | E15: 10 | F15: 0.12 | G15: 6 | H15: 15 | I15: 1.08 | J15: 1 | K15: 0.82 | L15: 0.06 | M15: 1.04 | N15: 1.08 | O15: 1 | P15: exp | Q15: -1 | R15: 0.15 | S15: 3 | T15: 0 | U15: 0 | V15: 0 | W15: 0 | X15: 0.5 | Y15: 1 | Z15: 1 | AA15: 1 | AB15: E1 | AC15: Mishra et al. 2009: inoculated leaves 4-10% lower than uninoculated in all 6 genotypes; susceptible genotypes have higher constitutive protein (variety factors). Conversion from %DW (Lowry) to Bradford FW basis is approximate.
A17: Response types: exp: R = sign x Rmax x (1 - exp(-k s)); logistic: R = sign x Rmax x (L(s) - L(0)) / (1 - L(0)), L(s) = 1/(1 + exp(-(s - centre)/scale)); hump: exp decline plus A x (s/peak) x exp(1 - s/peak). s = disease index as a fraction (0.18 = 18%).
A18: Evidence levels: E1 direct white rust on B. juncea; E2 A. candida on another host (Arabidopsis); E3 other Brassica / foliar pathogen; E4 mechanism or abiotic analogue only.
A19: Units: ug mg-1 FW is numerically identical to mg g-1 FW (chlorophyll, protein).

Sheet Severity_Classes
A1: DISEASE-INDEX CLASSES (plot DI = sum(x f) / (n sum f) x 100, n = 9, Bisht/AICRP 0-9 scale)
A3: Class | B3: DI range (%) | C3: s low | D3: s mid | E3: s high | F3: Class index
A4: Healthy | B4: 0 | C4: 0 | D4: 0 | E4: 0 | F4: 1
A5: Very low | B5: 1-5 | C5: 0.01 | D5: 0.03 | E5: 0.05 | F5: 2
A6: Low | B6: 6-10 | C6: 0.06 | D6: 0.08 | E6: 0.1 | F6: 3
A7: Moderate | B7: 11-25 | C7: 0.11 | D7: 0.18 | E7: 0.25 | F7: 4
A8: High | B8: 26-50 | C8: 0.26 | D8: 0.38 | E8: 0.5 | F8: 5
A9: Very high | B9: >50 | C9: 0.51 | D9: 0.65 | E9: 0.85 | F9: 6
A11: s = DI as a fraction. Mid values are used for the mean; low/high values bound the range. The sampled leaf is assumed to carry the plot-mean severity (ORW slide 23: leaves closest to plot-mean DI). The 'Very high' upper limit is capped at 85% because leaves beyond that are usually shed.

Sheet Response_Table
A1: RELATIVE CHANGE R(s) vs HEALTHY (before variety tolerance and lesion-age factors). -0.25 = 25% lower than healthy.
A3: Key | B3: Class | C3: Point | D3: s | E3: RWC | F3: MSI | G3: Pn | H3: gs | I3: Ci | J3: LAI | K3: ChlA | L3: ChlB | M3: Car | N3: Anth | O3: Prot
A4: =B4&"|"&C4 -> Healthy|low | B4: Healthy | C4: low | D4: =Severity_Classes!$C$4 -> 0 | E4: =IF(Parameters!$P$4="logistic",Parameters!$Q$4*Parameters!$R$4*((1/(1+EXP(-($D4-Parameters!$T$4)/Parameters!$U$4)))-(1/(1+EXP(Parameters!$T$4/Parameters!$U$4))))/(1-(1/(1+EXP(Parameters!$T$4/Parameters!$U$4)))),Parameters!$Q$4*Parameters!$R$4*(1-EXP(-Parameters!$S$4*$D4))+IF(Parameters!$P$4="hump",Parameters!$V$4*($D4/Parameters!$W$4)*EXP(1-$D4/Parameters!$W$4),0)) -> 0 | F4: =IF(Parameters!$P$5="logistic",Parameters!$Q$5*Parameters!$R$5*((1/(1+EXP(-($D4-Parameters!$T$5)/Parameters!$U$5)))-(1/(1+EXP(Parameters!$T$5/Parameters!$U$5))))/(1-(1/(1+EXP(Parameters!$T$5/Parameters!$U$5)))),Parameters!$Q$5*Parameters!$R$5*(1-EXP(-Parameters!$S$5*$D4))+IF(Parameters!$P$5="hump",Parameters!$V$5*($D4/Parameters!$W$5)*EXP(1-$D4/Parameters!$W$5),0)) -> 0 | G4: =IF(Parameters!$P$6="logistic",Parameters!$Q$6*Parameters!$R$6*((1/(1+EXP(-($D4-Parameters!$T$6)/Parameters!$U$6)))-(1/(1+EXP(Parameters!$T$6/Parameters!$U$6))))/(1-(1/(1+EXP(Parameters!$T$6/Parameters!$U$6)))),Parameters!$Q$6*Parameters!$R$6*(1-EXP(-Parameters!$S$6*$D4))+IF(Parameters!$P$6="hump",Parameters!$V$6*($D4/Parameters!$W$6)*EXP(1-$D4/Parameters!$W$6),0)) -> 0 | H4: =IF(Parameters!$P$7="logistic",Parameters!$Q$7*Parameters!$R$7*((1/(1+EXP(-($D4-Parameters!$T$7)/Parameters!$U$7)))-(1/(1+EXP(Parameters!$T$7/Parameters!$U$7))))/(1-(1/(1+EXP(Parameters!$T$7/Parameters!$U$7)))),Parameters!$Q$7*Parameters!$R$7*(1-EXP(-Parameters!$S$7*$D4))+IF(Parameters!$P$7="hump",Parameters!$V$7*($D4/Parameters!$W$7)*EXP(1-$D4/Parameters!$W$7),0)) -> 0 | I4: =IF(Parameters!$P$9="logistic",Parameters!$Q$9*Parameters!$R$9*((1/(1+EXP(-($D4-Parameters!$T$9)/Parameters!$U$9)))-(1/(1+EXP(Parameters!$T$9/Parameters!$U$9))))/(1-(1/(1+EXP(Parameters!$T$9/Parameters!$U$9)))),Parameters!$Q$9*Parameters!$R$9*(1-EXP(-Parameters!$S$9*$D4))+IF(Parameters!$P$9="hump",Parameters!$V$9*($D4/Parameters!$W$9)*EXP(1-$D4/Parameters!$W$9),0)) -> 0 | J4: =IF(Parameters!$P$10="logistic",Parameters!$Q$10*Parameters!$R$10*((1/(1+EXP(-($D4-Parameters!$T$10)/Parameters!$U$10)))-(1/(1+EXP(Parameters!$T$10/Parameters!$U$10))))/(1-(1/(1+EXP(Parameters!$T$10/Parameters!$U$10)))),Parameters!$Q$10*Parameters!$R$10*(1-EXP(-Parameters!$S$10*$D4))+IF(Parameters!$P$10="hump",Parameters!$V$10*($D4/Parameters!$W$10)*EXP(1-$D4/Parameters!$W$10),0)) -> 0 | K4: =IF(Parameters!$P$11="logistic",Parameters!$Q$11*Parameters!$R$11*((1/(1+EXP(-($D4-Parameters!$T$11)/Parameters!$U$11)))-(1/(1+EXP(Parameters!$T$11/Parameters!$U$11))))/(1-(1/(1+EXP(Parameters!$T$11/Parameters!$U$11)))),Parameters!$Q$11*Parameters!$R$11*(1-EXP(-Parameters!$S$11*$D4))+IF(Parameters!$P$11="hump",Parameters!$V$11*($D4/Parameters!$W$11)*EXP(1-$D4/Parameters!$W$11),0)) -> 0 | L4: =IF(Parameters!$P$12="logistic",Parameters!$Q$12*Parameters!$R$12*((1/(1+EXP(-($D4-Parameters!$T$12)/Parameters!$U$12)))-(1/(1+EXP(Parameters!$T$12/Parameters!$U$12))))/(1-(1/(1+EXP(Parameters!$T$12/Parameters!$U$12)))),Parameters!$Q$12*Parameters!$R$12*(1-EXP(-Parameters!$S$12*$D4))+IF(Parameters!$P$12="hump",Parameters!$V$12*($D4/Parameters!$W$12)*EXP(1-$D4/Parameters!$W$12),0)) -> 0 | M4: =IF(Parameters!$P$13="logistic",Parameters!$Q$13*Parameters!$R$13*((1/(1+EXP(-($D4-Parameters!$T$13)/Parameters!$U$13)))-(1/(1+EXP(Parameters!$T$13/Parameters!$U$13))))/(1-(1/(1+EXP(Parameters!$T$13/Parameters!$U$13)))),Parameters!$Q$13*Parameters!$R$13*(1-EXP(-Parameters!$S$13*$D4))+IF(Parameters!$P$13="hump",Parameters!$V$13*($D4/Parameters!$W$13)*EXP(1-$D4/Parameters!$W$13),0)) -> 0 | N4: =IF(Parameters!$P$14="logistic",Parameters!$Q$14*Parameters!$R$14*((1/(1+EXP(-($D4-Parameters!$T$14)/Parameters!$U$14)))-(1/(1+EXP(Parameters!$T$14/Parameters!$U$14))))/(1-(1/(1+EXP(Parameters!$T$14/Parameters!$U$14)))),Parameters!$Q$14*Parameters!$R$14*(1-EXP(-Parameters!$S$14*$D4))+IF(Parameters!$P$14="hump",Parameters!$V$14*($D4/Parameters!$W$14)*EXP(1-$D4/Parameters!$W$14),0)) -> 0 | O4: =IF(Parameters!$P$15="logistic",Parameters!$Q$15*Parameters!$R$15*((1/(1+EXP(-($D4-Parameters!$T$15)/Parameters!$U$15)))-(1/(1+EXP(Parameters!$T$15/Parameters!$U$15))))/(1-(1/(1+EXP(Parameters!$T$15/Parameters!$U$15)))),Parameters!$Q$15*Parameters!$R$15*(1-EXP(-Parameters!$S$15*$D4))+IF(Parameters!$P$15="hump",Parameters!$V$15*($D4/Parameters!$W$15)*EXP(1-$D4/Parameters!$W$15),0)) -> 0
A5: =B5&"|"&C5 -> Healthy|mid | B5: Healthy | C5: mid | D5: =Severity_Classes!$D$4 -> 0 | E5: =IF(Parameters!$P$4="logistic",Parameters!$Q$4*Parameters!$R$4*((1/(1+EXP(-($D5-Parameters!$T$4)/Parameters!$U$4)))-(1/(1+EXP(Parameters!$T$4/Parameters!$U$4))))/(1-(1/(1+EXP(Parameters!$T$4/Parameters!$U$4)))),Parameters!$Q$4*Parameters!$R$4*(1-EXP(-Parameters!$S$4*$D5))+IF(Parameters!$P$4="hump",Parameters!$V$4*($D5/Parameters!$W$4)*EXP(1-$D5/Parameters!$W$4),0)) -> 0 | F5: =IF(Parameters!$P$5="logistic",Parameters!$Q$5*Parameters!$R$5*((1/(1+EXP(-($D5-Parameters!$T$5)/Parameters!$U$5)))-(1/(1+EXP(Parameters!$T$5/Parameters!$U$5))))/(1-(1/(1+EXP(Parameters!$T$5/Parameters!$U$5)))),Parameters!$Q$5*Parameters!$R$5*(1-EXP(-Parameters!$S$5*$D5))+IF(Parameters!$P$5="hump",Parameters!$V$5*($D5/Parameters!$W$5)*EXP(1-$D5/Parameters!$W$5),0)) -> 0 | G5: =IF(Parameters!$P$6="logistic",Parameters!$Q$6*Parameters!$R$6*((1/(1+EXP(-($D5-Parameters!$T$6)/Parameters!$U$6)))-(1/(1+EXP(Parameters!$T$6/Parameters!$U$6))))/(1-(1/(1+EXP(Parameters!$T$6/Parameters!$U$6)))),Parameters!$Q$6*Parameters!$R$6*(1-EXP(-Parameters!$S$6*$D5))+IF(Parameters!$P$6="hump",Parameters!$V$6*($D5/Parameters!$W$6)*EXP(1-$D5/Parameters!$W$6),0)) -> 0 | H5: =IF(Parameters!$P$7="logistic",Parameters!$Q$7*Parameters!$R$7*((1/(1+EXP(-($D5-Parameters!$T$7)/Parameters!$U$7)))-(1/(1+EXP(Parameters!$T$7/Parameters!$U$7))))/(1-(1/(1+EXP(Parameters!$T$7/Parameters!$U$7)))),Parameters!$Q$7*Parameters!$R$7*(1-EXP(-Parameters!$S$7*$D5))+IF(Parameters!$P$7="hump",Parameters!$V$7*($D5/Parameters!$W$7)*EXP(1-$D5/Parameters!$W$7),0)) -> 0 | I5: =IF(Parameters!$P$9="logistic",Parameters!$Q$9*Parameters!$R$9*((1/(1+EXP(-($D5-Parameters!$T$9)/Parameters!$U$9)))-(1/(1+EXP(Parameters!$T$9/Parameters!$U$9))))/(1-(1/(1+EXP(Parameters!$T$9/Parameters!$U$9)))),Parameters!$Q$9*Parameters!$R$9*(1-EXP(-Parameters!$S$9*$D5))+IF(Parameters!$P$9="hump",Parameters!$V$9*($D5/Parameters!$W$9)*EXP(1-$D5/Parameters!$W$9),0)) -> 0 | J5: =IF(Parameters!$P$10="logistic",Parameters!$Q$10*Parameters!$R$10*((1/(1+EXP(-($D5-Parameters!$T$10)/Parameters!$U$10)))-(1/(1+EXP(Parameters!$T$10/Parameters!$U$10))))/(1-(1/(1+EXP(Parameters!$T$10/Parameters!$U$10)))),Parameters!$Q$10*Parameters!$R$10*(1-EXP(-Parameters!$S$10*$D5))+IF(Parameters!$P$10="hump",Parameters!$V$10*($D5/Parameters!$W$10)*EXP(1-$D5/Parameters!$W$10),0)) -> 0 | K5: =IF(Parameters!$P$11="logistic",Parameters!$Q$11*Parameters!$R$11*((1/(1+EXP(-($D5-Parameters!$T$11)/Parameters!$U$11)))-(1/(1+EXP(Parameters!$T$11/Parameters!$U$11))))/(1-(1/(1+EXP(Parameters!$T$11/Parameters!$U$11)))),Parameters!$Q$11*Parameters!$R$11*(1-EXP(-Parameters!$S$11*$D5))+IF(Parameters!$P$11="hump",Parameters!$V$11*($D5/Parameters!$W$11)*EXP(1-$D5/Parameters!$W$11),0)) -> 0 | L5: =IF(Parameters!$P$12="logistic",Parameters!$Q$12*Parameters!$R$12*((1/(1+EXP(-($D5-Parameters!$T$12)/Parameters!$U$12)))-(1/(1+EXP(Parameters!$T$12/Parameters!$U$12))))/(1-(1/(1+EXP(Parameters!$T$12/Parameters!$U$12)))),Parameters!$Q$12*Parameters!$R$12*(1-EXP(-Parameters!$S$12*$D5))+IF(Parameters!$P$12="hump",Parameters!$V$12*($D5/Parameters!$W$12)*EXP(1-$D5/Parameters!$W$12),0)) -> 0 | M5: =IF(Parameters!$P$13="logistic",Parameters!$Q$13*Parameters!$R$13*((1/(1+EXP(-($D5-Parameters!$T$13)/Parameters!$U$13)))-(1/(1+EXP(Parameters!$T$13/Parameters!$U$13))))/(1-(1/(1+EXP(Parameters!$T$13/Parameters!$U$13)))),Parameters!$Q$13*Parameters!$R$13*(1-EXP(-Parameters!$S$13*$D5))+IF(Parameters!$P$13="hump",Parameters!$V$13*($D5/Parameters!$W$13)*EXP(1-$D5/Parameters!$W$13),0)) -> 0 | N5: =IF(Parameters!$P$14="logistic",Parameters!$Q$14*Parameters!$R$14*((1/(1+EXP(-($D5-Parameters!$T$14)/Parameters!$U$14)))-(1/(1+EXP(Parameters!$T$14/Parameters!$U$14))))/(1-(1/(1+EXP(Parameters!$T$14/Parameters!$U$14)))),Parameters!$Q$14*Parameters!$R$14*(1-EXP(-Parameters!$S$14*$D5))+IF(Parameters!$P$14="hump",Parameters!$V$14*($D5/Parameters!$W$14)*EXP(1-$D5/Parameters!$W$14),0)) -> 0 | O5: =IF(Parameters!$P$15="logistic",Parameters!$Q$15*Parameters!$R$15*((1/(1+EXP(-($D5-Parameters!$T$15)/Parameters!$U$15)))-(1/(1+EXP(Parameters!$T$15/Parameters!$U$15))))/(1-(1/(1+EXP(Parameters!$T$15/Parameters!$U$15)))),Parameters!$Q$15*Parameters!$R$15*(1-EXP(-Parameters!$S$15*$D5))+IF(Parameters!$P$15="hump",Parameters!$V$15*($D5/Parameters!$W$15)*EXP(1-$D5/Parameters!$W$15),0)) -> 0
A6: =B6&"|"&C6 -> Healthy|high | B6: Healthy | C6: high | D6: =Severity_Classes!$E$4 -> 0 | E6: =IF(Parameters!$P$4="logistic",Parameters!$Q$4*Parameters!$R$4*((1/(1+EXP(-($D6-Parameters!$T$4)/Parameters!$U$4)))-(1/(1+EXP(Parameters!$T$4/Parameters!$U$4))))/(1-(1/(1+EXP(Parameters!$T$4/Parameters!$U$4)))),Parameters!$Q$4*Parameters!$R$4*(1-EXP(-Parameters!$S$4*$D6))+IF(Parameters!$P$4="hump",Parameters!$V$4*($D6/Parameters!$W$4)*EXP(1-$D6/Parameters!$W$4),0)) -> 0 | F6: =IF(Parameters!$P$5="logistic",Parameters!$Q$5*Parameters!$R$5*((1/(1+EXP(-($D6-Parameters!$T$5)/Parameters!$U$5)))-(1/(1+EXP(Parameters!$T$5/Parameters!$U$5))))/(1-(1/(1+EXP(Parameters!$T$5/Parameters!$U$5)))),Parameters!$Q$5*Parameters!$R$5*(1-EXP(-Parameters!$S$5*$D6))+IF(Parameters!$P$5="hump",Parameters!$V$5*($D6/Parameters!$W$5)*EXP(1-$D6/Parameters!$W$5),0)) -> 0 | G6: =IF(Parameters!$P$6="logistic",Parameters!$Q$6*Parameters!$R$6*((1/(1+EXP(-($D6-Parameters!$T$6)/Parameters!$U$6)))-(1/(1+EXP(Parameters!$T$6/Parameters!$U$6))))/(1-(1/(1+EXP(Parameters!$T$6/Parameters!$U$6)))),Parameters!$Q$6*Parameters!$R$6*(1-EXP(-Parameters!$S$6*$D6))+IF(Parameters!$P$6="hump",Parameters!$V$6*($D6/Parameters!$W$6)*EXP(1-$D6/Parameters!$W$6),0)) -> 0 | H6: =IF(Parameters!$P$7="logistic",Parameters!$Q$7*Parameters!$R$7*((1/(1+EXP(-($D6-Parameters!$T$7)/Parameters!$U$7)))-(1/(1+EXP(Parameters!$T$7/Parameters!$U$7))))/(1-(1/(1+EXP(Parameters!$T$7/Parameters!$U$7)))),Parameters!$Q$7*Parameters!$R$7*(1-EXP(-Parameters!$S$7*$D6))+IF(Parameters!$P$7="hump",Parameters!$V$7*($D6/Parameters!$W$7)*EXP(1-$D6/Parameters!$W$7),0)) -> 0 | I6: =IF(Parameters!$P$9="logistic",Parameters!$Q$9*Parameters!$R$9*((1/(1+EXP(-($D6-Parameters!$T$9)/Parameters!$U$9)))-(1/(1+EXP(Parameters!$T$9/Parameters!$U$9))))/(1-(1/(1+EXP(Parameters!$T$9/Parameters!$U$9)))),Parameters!$Q$9*Parameters!$R$9*(1-EXP(-Parameters!$S$9*$D6))+IF(Parameters!$P$9="hump",Parameters!$V$9*($D6/Parameters!$W$9)*EXP(1-$D6/Parameters!$W$9),0)) -> 0 | J6: =IF(Parameters!$P$10="logistic",Parameters!$Q$10*Parameters!$R$10*((1/(1+EXP(-($D6-Parameters!$T$10)/Parameters!$U$10)))-(1/(1+EXP(Parameters!$T$10/Parameters!$U$10))))/(1-(1/(1+EXP(Parameters!$T$10/Parameters!$U$10)))),Parameters!$Q$10*Parameters!$R$10*(1-EXP(-Parameters!$S$10*$D6))+IF(Parameters!$P$10="hump",Parameters!$V$10*($D6/Parameters!$W$10)*EXP(1-$D6/Parameters!$W$10),0)) -> 0 | K6: =IF(Parameters!$P$11="logistic",Parameters!$Q$11*Parameters!$R$11*((1/(1+EXP(-($D6-Parameters!$T$11)/Parameters!$U$11)))-(1/(1+EXP(Parameters!$T$11/Parameters!$U$11))))/(1-(1/(1+EXP(Parameters!$T$11/Parameters!$U$11)))),Parameters!$Q$11*Parameters!$R$11*(1-EXP(-Parameters!$S$11*$D6))+IF(Parameters!$P$11="hump",Parameters!$V$11*($D6/Parameters!$W$11)*EXP(1-$D6/Parameters!$W$11),0)) -> 0 | L6: =IF(Parameters!$P$12="logistic",Parameters!$Q$12*Parameters!$R$12*((1/(1+EXP(-($D6-Parameters!$T$12)/Parameters!$U$12)))-(1/(1+EXP(Parameters!$T$12/Parameters!$U$12))))/(1-(1/(1+EXP(Parameters!$T$12/Parameters!$U$12)))),Parameters!$Q$12*Parameters!$R$12*(1-EXP(-Parameters!$S$12*$D6))+IF(Parameters!$P$12="hump",Parameters!$V$12*($D6/Parameters!$W$12)*EXP(1-$D6/Parameters!$W$12),0)) -> 0 | M6: =IF(Parameters!$P$13="logistic",Parameters!$Q$13*Parameters!$R$13*((1/(1+EXP(-($D6-Parameters!$T$13)/Parameters!$U$13)))-(1/(1+EXP(Parameters!$T$13/Parameters!$U$13))))/(1-(1/(1+EXP(Parameters!$T$13/Parameters!$U$13)))),Parameters!$Q$13*Parameters!$R$13*(1-EXP(-Parameters!$S$13*$D6))+IF(Parameters!$P$13="hump",Parameters!$V$13*($D6/Parameters!$W$13)*EXP(1-$D6/Parameters!$W$13),0)) -> 0 | N6: =IF(Parameters!$P$14="logistic",Parameters!$Q$14*Parameters!$R$14*((1/(1+EXP(-($D6-Parameters!$T$14)/Parameters!$U$14)))-(1/(1+EXP(Parameters!$T$14/Parameters!$U$14))))/(1-(1/(1+EXP(Parameters!$T$14/Parameters!$U$14)))),Parameters!$Q$14*Parameters!$R$14*(1-EXP(-Parameters!$S$14*$D6))+IF(Parameters!$P$14="hump",Parameters!$V$14*($D6/Parameters!$W$14)*EXP(1-$D6/Parameters!$W$14),0)) -> 0 | O6: =IF(Parameters!$P$15="logistic",Parameters!$Q$15*Parameters!$R$15*((1/(1+EXP(-($D6-Parameters!$T$15)/Parameters!$U$15)))-(1/(1+EXP(Parameters!$T$15/Parameters!$U$15))))/(1-(1/(1+EXP(Parameters!$T$15/Parameters!$U$15)))),Parameters!$Q$15*Parameters!$R$15*(1-EXP(-Parameters!$S$15*$D6))+IF(Parameters!$P$15="hump",Parameters!$V$15*($D6/Parameters!$W$15)*EXP(1-$D6/Parameters!$W$15),0)) -> 0
A7: =B7&"|"&C7 -> Very low|low | B7: Very low | C7: low | D7: =Severity_Classes!$C$5 -> 0.01 | E7: =IF(Parameters!$P$4="logistic",Parameters!$Q$4*Parameters!$R$4*((1/(1+EXP(-($D7-Parameters!$T$4)/Parameters!$U$4)))-(1/(1+EXP(Parameters!$T$4/Parameters!$U$4))))/(1-(1/(1+EXP(Parameters!$T$4/Parameters!$U$4)))),Parameters!$Q$4*Parameters!$R$4*(1-EXP(-Parameters!$S$4*$D7))+IF(Parameters!$P$4="hump",Parameters!$V$4*($D7/Parameters!$W$4)*EXP(1-$D7/Parameters!$W$4),0)) -> -0.0013324421 | F7: =IF(Parameters!$P$5="logistic",Parameters!$Q$5*Parameters!$R$5*((1/(1+EXP(-($D7-Parameters!$T$5)/Parameters!$U$5)))-(1/(1+EXP(Parameters!$T$5/Parameters!$U$5))))/(1-(1/(1+EXP(Parameters!$T$5/Parameters!$U$5)))),Parameters!$Q$5*Parameters!$R$5*(1-EXP(-Parameters!$S$5*$D7))+IF(Parameters!$P$5="hump",Parameters!$V$5*($D7/Parameters!$W$5)*EXP(1-$D7/Parameters!$W$5),0)) -> -0.004194895 | G7: =IF(Parameters!$P$6="logistic",Parameters!$Q$6*Parameters!$R$6*((1/(1+EXP(-($D7-Parameters!$T$6)/Parameters!$U$6)))-(1/(1+EXP(Parameters!$T$6/Parameters!$U$6))))/(1-(1/(1+EXP(Parameters!$T$6/Parameters!$U$6)))),Parameters!$Q$6*Parameters!$R$6*(1-EXP(-Parameters!$S$6*$D7))+IF(Parameters!$P$6="hump",Parameters!$V$6*($D7/Parameters!$W$6)*EXP(1-$D7/Parameters!$W$6),0)) -> -0.032284532 | H7: =IF(Parameters!$P$7="logistic",Parameters!$Q$7*Parameters!$R$7*((1/(1+EXP(-($D7-Parameters!$T$7)/Parameters!$U$7)))-(1/(1+EXP(Parameters!$T$7/Parameters!$U$7))))/(1-(1/(1+EXP(Parameters!$T$7/Parameters!$U$7)))),Parameters!$Q$7*Parameters!$R$7*(1-EXP(-Parameters!$S$7*$D7))+IF(Parameters!$P$7="hump",Parameters!$V$7*($D7/Parameters!$W$7)*EXP(1-$D7/Parameters!$W$7),0)) -> -0.019210403 | I7: =IF(Parameters!$P$9="logistic",Parameters!$Q$9*Parameters!$R$9*((1/(1+EXP(-($D7-Parameters!$T$9)/Parameters!$U$9)))-(1/(1+EXP(Parameters!$T$9/Parameters!$U$9))))/(1-(1/(1+EXP(Parameters!$T$9/Parameters!$U$9)))),Parameters!$Q$9*Parameters!$R$9*(1-EXP(-Parameters!$S$9*$D7))+IF(Parameters!$P$9="hump",Parameters!$V$9*($D7/Parameters!$W$9)*EXP(1-$D7/Parameters!$W$9),0)) -> 0.011763168 | J7: =IF(Parameters!$P$10="logistic",Parameters!$Q$10*Parameters!$R$10*((1/(1+EXP(-($D7-Parameters!$T$10)/Parameters!$U$10)))-(1/(1+EXP(Parameters!$T$10/Parameters!$U$10))))/(1-(1/(1+EXP(Parameters!$T$10/Parameters!$U$10)))),Parameters!$Q$10*Parameters!$R$10*(1-EXP(-Parameters!$S$10*$D7))+IF(Parameters!$P$10="hump",Parameters!$V$10*($D7/Parameters!$W$10)*EXP(1-$D7/Parameters!$W$10),0)) -> -0.01111054 | K7: =IF(Parameters!$P$11="logistic",Parameters!$Q$11*Parameters!$R$11*((1/(1+EXP(-($D7-Parameters!$T$11)/Parameters!$U$11)))-(1/(1+EXP(Parameters!$T$11/Parameters!$U$11))))/(1-(1/(1+EXP(Parameters!$T$11/Parameters!$U$11)))),Parameters!$Q$11*Parameters!$R$11*(1-EXP(-Parameters!$S$11*$D7))+IF(Parameters!$P$11="hump",Parameters!$V$11*($D7/Parameters!$W$11)*EXP(1-$D7/Parameters!$W$11),0)) -> -0.020470722 | L7: =IF(Parameters!$P$12="logistic",Parameters!$Q$12*Parameters!$R$12*((1/(1+EXP(-($D7-Parameters!$T$12)/Parameters!$U$12)))-(1/(1+EXP(Parameters!$T$12/Parameters!$U$12))))/(1-(1/(1+EXP(Parameters!$T$12/Parameters!$U$12)))),Parameters!$Q$12*Parameters!$R$12*(1-EXP(-Parameters!$S$12*$D7))+IF(Parameters!$P$12="hump",Parameters!$V$12*($D7/Parameters!$W$12)*EXP(1-$D7/Parameters!$W$12),0)) -> -0.016254957 | M7: =IF(Parameters!$P$13="logistic",Parameters!$Q$13*Parameters!$R$13*((1/(1+EXP(-($D7-Parameters!$T$13)/Parameters!$U$13)))-(1/(1+EXP(Parameters!$T$13/Parameters!$U$13))))/(1-(1/(1+EXP(Parameters!$T$13/Parameters!$U$13)))),Parameters!$Q$13*Parameters!$R$13*(1-EXP(-Parameters!$S$13*$D7))+IF(Parameters!$P$13="hump",Parameters!$V$13*($D7/Parameters!$W$13)*EXP(1-$D7/Parameters!$W$13),0)) -> 0.012774245 | N7: =IF(Parameters!$P$14="logistic",Parameters!$Q$14*Parameters!$R$14*((1/(1+EXP(-($D7-Parameters!$T$14)/Parameters!$U$14)))-(1/(1+EXP(Parameters!$T$14/Parameters!$U$14))))/(1-(1/(1+EXP(Parameters!$T$14/Parameters!$U$14)))),Parameters!$Q$14*Parameters!$R$14*(1-EXP(-Parameters!$S$14*$D7))+IF(Parameters!$P$14="hump",Parameters!$V$14*($D7/Parameters!$W$14)*EXP(1-$D7/Parameters!$W$14),0)) -> 0.01773268 | O7: =IF(Parameters!$P$15="logistic",Parameters!$Q$15*Parameters!$R$15*((1/(1+EXP(-($D7-Parameters!$T$15)/Parameters!$U$15)))-(1/(1+EXP(Parameters!$T$15/Parameters!$U$15))))/(1-(1/(1+EXP(Parameters!$T$15/Parameters!$U$15)))),Parameters!$Q$15*Parameters!$R$15*(1-EXP(-Parameters!$S$15*$D7))+IF(Parameters!$P$15="hump",Parameters!$V$15*($D7/Parameters!$W$15)*EXP(1-$D7/Parameters!$W$15),0)) -> -0.00443317
A8: =B8&"|"&C8 -> Very low|mid | B8: Very low | C8: mid | D8: =Severity_Classes!$D$5 -> 0.03 | E8: =IF(Parameters!$P$4="logistic",Parameters!$Q$4*Parameters!$R$4*((1/(1+EXP(-($D8-Parameters!$T$4)/Parameters!$U$4)))-(1/(1+EXP(Parameters!$T$4/Parameters!$U$4))))/(1-(1/(1+EXP(Parameters!$T$4/Parameters!$U$4)))),Parameters!$Q$4*Parameters!$R$4*(1-EXP(-Parameters!$S$4*$D8))+IF(Parameters!$P$4="hump",Parameters!$V$4*($D8/Parameters!$W$4)*EXP(1-$D8/Parameters!$W$4),0)) -> -0.0043113388 | F8: =IF(Parameters!$P$5="logistic",Parameters!$Q$5*Parameters!$R$5*((1/(1+EXP(-($D8-Parameters!$T$5)/Parameters!$U$5)))-(1/(1+EXP(Parameters!$T$5/Parameters!$U$5))))/(1-(1/(1+EXP(Parameters!$T$5/Parameters!$U$5)))),Parameters!$Q$5*Parameters!$R$5*(1-EXP(-Parameters!$S$5*$D8))+IF(Parameters!$P$5="hump",Parameters!$V$5*($D8/Parameters!$W$5)*EXP(1-$D8/Parameters!$W$5),0)) -> -0.013762741 | G8: =IF(Parameters!$P$6="logistic",Parameters!$Q$6*Parameters!$R$6*((1/(1+EXP(-($D8-Parameters!$T$6)/Parameters!$U$6)))-(1/(1+EXP(Parameters!$T$6/Parameters!$U$6))))/(1-(1/(1+EXP(Parameters!$T$6/Parameters!$U$6)))),Parameters!$Q$6*Parameters!$R$6*(1-EXP(-Parameters!$S$6*$D8))+IF(Parameters!$P$6="hump",Parameters!$V$6*($D8/Parameters!$W$6)*EXP(1-$D8/Parameters!$W$6),0)) -> -0.092744254 | H8: =IF(Parameters!$P$7="logistic",Parameters!$Q$7*Parameters!$R$7*((1/(1+EXP(-($D8-Parameters!$T$7)/Parameters!$U$7)))-(1/(1+EXP(Parameters!$T$7/Parameters!$U$7))))/(1-(1/(1+EXP(Parameters!$T$7/Parameters!$U$7)))),Parameters!$Q$7*Parameters!$R$7*(1-EXP(-Parameters!$S$7*$D8))+IF(Parameters!$P$7="hump",Parameters!$V$7*($D8/Parameters!$W$7)*EXP(1-$D8/Parameters!$W$7),0)) -> -0.05594473 | I8: =IF(Parameters!$P$9="logistic",Parameters!$Q$9*Parameters!$R$9*((1/(1+EXP(-($D8-Parameters!$T$9)/Parameters!$U$9)))-(1/(1+EXP(Parameters!$T$9/Parameters!$U$9))))/(1-(1/(1+EXP(Parameters!$T$9/Parameters!$U$9)))),Parameters!$Q$9*Parameters!$R$9*(1-EXP(-Parameters!$S$9*$D8))+IF(Parameters!$P$9="hump",Parameters!$V$9*($D8/Parameters!$W$9)*EXP(1-$D8/Parameters!$W$9),0)) -> 0.033923869 | J8: =IF(Parameters!$P$10="logistic",Parameters!$Q$10*Parameters!$R$10*((1/(1+EXP(-($D8-Parameters!$T$10)/Parameters!$U$10)))-(1/(1+EXP(Parameters!$T$10/Parameters!$U$10))))/(1-(1/(1+EXP(Parameters!$T$10/Parameters!$U$10)))),Parameters!$Q$10*Parameters!$R$10*(1-EXP(-Parameters!$S$10*$D8))+IF(Parameters!$P$10="hump",Parameters!$V$10*($D8/Parameters!$W$10)*EXP(1-$D8/Parameters!$W$10),0)) -> -0.032515431 | K8: =IF(Parameters!$P$11="logistic",Parameters!$Q$11*Parameters!$R$11*((1/(1+EXP(-($D8-Parameters!$T$11)/Parameters!$U$11)))-(1/(1+EXP(Parameters!$T$11/Parameters!$U$11))))/(1-(1/(1+EXP(Parameters!$T$11/Parameters!$U$11)))),Parameters!$Q$11*Parameters!$R$11*(1-EXP(-Parameters!$S$11*$D8))+IF(Parameters!$P$11="hump",Parameters!$V$11*($D8/Parameters!$W$11)*EXP(1-$D8/Parameters!$W$11),0)) -> -0.05949839 | L8: =IF(Parameters!$P$12="logistic",Parameters!$Q$12*Parameters!$R$12*((1/(1+EXP(-($D8-Parameters!$T$12)/Parameters!$U$12)))-(1/(1+EXP(Parameters!$T$12/Parameters!$U$12))))/(1-(1/(1+EXP(Parameters!$T$12/Parameters!$U$12)))),Parameters!$Q$12*Parameters!$R$12*(1-EXP(-Parameters!$S$12*$D8))+IF(Parameters!$P$12="hump",Parameters!$V$12*($D8/Parameters!$W$12)*EXP(1-$D8/Parameters!$W$12),0)) -> -0.047337848 | M8: =IF(Parameters!$P$13="logistic",Parameters!$Q$13*Parameters!$R$13*((1/(1+EXP(-($D8-Parameters!$T$13)/Parameters!$U$13)))-(1/(1+EXP(Parameters!$T$13/Parameters!$U$13))))/(1-(1/(1+EXP(Parameters!$T$13/Parameters!$U$13)))),Parameters!$Q$13*Parameters!$R$13*(1-EXP(-Parameters!$S$13*$D8))+IF(Parameters!$P$13="hump",Parameters!$V$13*($D8/Parameters!$W$13)*EXP(1-$D8/Parameters!$W$13),0)) -> 0.025985055 | N8: =IF(Parameters!$P$14="logistic",Parameters!$Q$14*Parameters!$R$14*((1/(1+EXP(-($D8-Parameters!$T$14)/Parameters!$U$14)))-(1/(1+EXP(Parameters!$T$14/Parameters!$U$14))))/(1-(1/(1+EXP(Parameters!$T$14/Parameters!$U$14)))),Parameters!$Q$14*Parameters!$R$14*(1-EXP(-Parameters!$S$14*$D8))+IF(Parameters!$P$14="hump",Parameters!$V$14*($D8/Parameters!$W$14)*EXP(1-$D8/Parameters!$W$14),0)) -> 0.051641289 | O8: =IF(Parameters!$P$15="logistic",Parameters!$Q$15*Parameters!$R$15*((1/(1+EXP(-($D8-Parameters!$T$15)/Parameters!$U$15)))-(1/(1+EXP(Parameters!$T$15/Parameters!$U$15))))/(1-(1/(1+EXP(Parameters!$T$15/Parameters!$U$15)))),Parameters!$Q$15*Parameters!$R$15*(1-EXP(-Parameters!$S$15*$D8))+IF(Parameters!$P$15="hump",Parameters!$V$15*($D8/Parameters!$W$15)*EXP(1-$D8/Parameters!$W$15),0)) -> -0.012910322
A9: =B9&"|"&C9 -> Very low|high | B9: Very low | C9: high | D9: =Severity_Classes!$E$5 -> 0.05 | E9: =IF(Parameters!$P$4="logistic",Parameters!$Q$4*Parameters!$R$4*((1/(1+EXP(-($D9-Parameters!$T$4)/Parameters!$U$4)))-(1/(1+EXP(Parameters!$T$4/Parameters!$U$4))))/(1-(1/(1+EXP(Parameters!$T$4/Parameters!$U$4)))),Parameters!$Q$4*Parameters!$R$4*(1-EXP(-Parameters!$S$4*$D9))+IF(Parameters!$P$4="hump",Parameters!$V$4*($D9/Parameters!$W$4)*EXP(1-$D9/Parameters!$W$4),0)) -> -0.0077548157 | F9: =IF(Parameters!$P$5="logistic",Parameters!$Q$5*Parameters!$R$5*((1/(1+EXP(-($D9-Parameters!$T$5)/Parameters!$U$5)))-(1/(1+EXP(Parameters!$T$5/Parameters!$U$5))))/(1-(1/(1+EXP(Parameters!$T$5/Parameters!$U$5)))),Parameters!$Q$5*Parameters!$R$5*(1-EXP(-Parameters!$S$5*$D9))+IF(Parameters!$P$5="hump",Parameters!$V$5*($D9/Parameters!$W$5)*EXP(1-$D9/Parameters!$W$5),0)) -> -0.025097864 | G9: =IF(Parameters!$P$6="logistic",Parameters!$Q$6*Parameters!$R$6*((1/(1+EXP(-($D9-Parameters!$T$6)/Parameters!$U$6)))-(1/(1+EXP(Parameters!$T$6/Parameters!$U$6))))/(1-(1/(1+EXP(Parameters!$T$6/Parameters!$U$6)))),Parameters!$Q$6*Parameters!$R$6*(1-EXP(-Parameters!$S$6*$D9))+IF(Parameters!$P$6="hump",Parameters!$V$6*($D9/Parameters!$W$6)*EXP(1-$D9/Parameters!$W$6),0)) -> -0.1481109 | H9: =IF(Parameters!$P$7="logistic",Parameters!$Q$7*Parameters!$R$7*((1/(1+EXP(-($D9-Parameters!$T$7)/Parameters!$U$7)))-(1/(1+EXP(Parameters!$T$7/Parameters!$U$7))))/(1-(1/(1+EXP(Parameters!$T$7/Parameters!$U$7)))),Parameters!$Q$7*Parameters!$R$7*(1-EXP(-Parameters!$S$7*$D9))+IF(Parameters!$P$7="hump",Parameters!$V$7*($D9/Parameters!$W$7)*EXP(1-$D9/Parameters!$W$7),0)) -> -0.090539815 | I9: =IF(Parameters!$P$9="logistic",Parameters!$Q$9*Parameters!$R$9*((1/(1+EXP(-($D9-Parameters!$T$9)/Parameters!$U$9)))-(1/(1+EXP(Parameters!$T$9/Parameters!$U$9))))/(1-(1/(1+EXP(Parameters!$T$9/Parameters!$U$9)))),Parameters!$Q$9*Parameters!$R$9*(1-EXP(-Parameters!$S$9*$D9))+IF(Parameters!$P$9="hump",Parameters!$V$9*($D9/Parameters!$W$9)*EXP(1-$D9/Parameters!$W$9),0)) -> 0.054380774 | J9: =IF(Parameters!$P$10="logistic",Parameters!$Q$10*Parameters!$R$10*((1/(1+EXP(-($D9-Parameters!$T$10)/Parameters!$U$10)))-(1/(1+EXP(Parameters!$T$10/Parameters!$U$10))))/(1-(1/(1+EXP(Parameters!$T$10/Parameters!$U$10)))),Parameters!$Q$10*Parameters!$R$10*(1-EXP(-Parameters!$S$10*$D9))+IF(Parameters!$P$10="hump",Parameters!$V$10*($D9/Parameters!$W$10)*EXP(1-$D9/Parameters!$W$10),0)) -> -0.052876394 | K9: =IF(Parameters!$P$11="logistic",Parameters!$Q$11*Parameters!$R$11*((1/(1+EXP(-($D9-Parameters!$T$11)/Parameters!$U$11)))-(1/(1+EXP(Parameters!$T$11/Parameters!$U$11))))/(1-(1/(1+EXP(Parameters!$T$11/Parameters!$U$11)))),Parameters!$Q$11*Parameters!$R$11*(1-EXP(-Parameters!$S$11*$D9))+IF(Parameters!$P$11="hump",Parameters!$V$11*($D9/Parameters!$W$11)*EXP(1-$D9/Parameters!$W$11),0)) -> -0.096106537 | L9: =IF(Parameters!$P$12="logistic",Parameters!$Q$12*Parameters!$R$12*((1/(1+EXP(-($D9-Parameters!$T$12)/Parameters!$U$12)))-(1/(1+EXP(Parameters!$T$12/Parameters!$U$12))))/(1-(1/(1+EXP(Parameters!$T$12/Parameters!$U$12)))),Parameters!$Q$12*Parameters!$R$12*(1-EXP(-Parameters!$S$12*$D9))+IF(Parameters!$P$12="hump",Parameters!$V$12*($D9/Parameters!$W$12)*EXP(1-$D9/Parameters!$W$12),0)) -> -0.076610613 | M9: =IF(Parameters!$P$13="logistic",Parameters!$Q$13*Parameters!$R$13*((1/(1+EXP(-($D9-Parameters!$T$13)/Parameters!$U$13)))-(1/(1+EXP(Parameters!$T$13/Parameters!$U$13))))/(1-(1/(1+EXP(Parameters!$T$13/Parameters!$U$13)))),Parameters!$Q$13*Parameters!$R$13*(1-EXP(-Parameters!$S$13*$D9))+IF(Parameters!$P$13="hump",Parameters!$V$13*($D9/Parameters!$W$13)*EXP(1-$D9/Parameters!$W$13),0)) -> 0.026719254 | N9: =IF(Parameters!$P$14="logistic",Parameters!$Q$14*Parameters!$R$14*((1/(1+EXP(-($D9-Parameters!$T$14)/Parameters!$U$14)))-(1/(1+EXP(Parameters!$T$14/Parameters!$U$14))))/(1-(1/(1+EXP(Parameters!$T$14/Parameters!$U$14)))),Parameters!$Q$14*Parameters!$R$14*(1-EXP(-Parameters!$S$14*$D9))+IF(Parameters!$P$14="hump",Parameters!$V$14*($D9/Parameters!$W$14)*EXP(1-$D9/Parameters!$W$14),0)) -> 0.083575214 | O9: =IF(Parameters!$P$15="logistic",Parameters!$Q$15*Parameters!$R$15*((1/(1+EXP(-($D9-Parameters!$T$15)/Parameters!$U$15)))-(1/(1+EXP(Parameters!$T$15/Parameters!$U$15))))/(1-(1/(1+EXP(Parameters!$T$15/Parameters!$U$15)))),Parameters!$Q$15*Parameters!$R$15*(1-EXP(-Parameters!$S$15*$D9))+IF(Parameters!$P$15="hump",Parameters!$V$15*($D9/Parameters!$W$15)*EXP(1-$D9/Parameters!$W$15),0)) -> -0.020893804
A10: =B10&"|"&C10 -> Low|low | B10: Low | C10: low | D10: =Severity_Classes!$C$6 -> 0.06 | E10: =IF(Parameters!$P$4="logistic",Parameters!$Q$4*Parameters!$R$4*((1/(1+EXP(-($D10-Parameters!$T$4)/Parameters!$U$4)))-(1/(1+EXP(Parameters!$T$4/Parameters!$U$4))))/(1-(1/(1+EXP(Parameters!$T$4/Parameters!$U$4)))),Parameters!$Q$4*Parameters!$R$4*(1-EXP(-Parameters!$S$4*$D10))+IF(Parameters!$P$4="hump",Parameters!$V$4*($D10/Parameters!$W$4)*EXP(1-$D10/Parameters!$W$4),0)) -> -0.0096687902 | F10: =IF(Parameters!$P$5="logistic",Parameters!$Q$5*Parameters!$R$5*((1/(1+EXP(-($D10-Parameters!$T$5)/Parameters!$U$5)))-(1/(1+EXP(Parameters!$T$5/Parameters!$U$5))))/(1-(1/(1+EXP(Parameters!$T$5/Parameters!$U$5)))),Parameters!$Q$5*Parameters!$R$5*(1-EXP(-Parameters!$S$5*$D10))+IF(Parameters!$P$5="hump",Parameters!$V$5*($D10/Parameters!$W$5)*EXP(1-$D10/Parameters!$W$5),0)) -> -0.031504382 | G10: =IF(Parameters!$P$6="logistic",Parameters!$Q$6*Parameters!$R$6*((1/(1+EXP(-($D10-Parameters!$T$6)/Parameters!$U$6)))-(1/(1+EXP(Parameters!$T$6/Parameters!$U$6))))/(1-(1/(1+EXP(Parameters!$T$6/Parameters!$U$6)))),Parameters!$Q$6*Parameters!$R$6*(1-EXP(-Parameters!$S$6*$D10))+IF(Parameters!$P$6="hump",Parameters!$V$6*($D10/Parameters!$W$6)*EXP(1-$D10/Parameters!$W$6),0)) -> -0.17401985 | H10: =IF(Parameters!$P$7="logistic",Parameters!$Q$7*Parameters!$R$7*((1/(1+EXP(-($D10-Parameters!$T$7)/Parameters!$U$7)))-(1/(1+EXP(Parameters!$T$7/Parameters!$U$7))))/(1-(1/(1+EXP(Parameters!$T$7/Parameters!$U$7)))),Parameters!$Q$7*Parameters!$R$7*(1-EXP(-Parameters!$S$7*$D10))+IF(Parameters!$P$7="hump",Parameters!$V$7*($D10/Parameters!$W$7)*EXP(1-$D10/Parameters!$W$7),0)) -> -0.10707436 | I10: =IF(Parameters!$P$9="logistic",Parameters!$Q$9*Parameters!$R$9*((1/(1+EXP(-($D10-Parameters!$T$9)/Parameters!$U$9)))-(1/(1+EXP(Parameters!$T$9/Parameters!$U$9))))/(1-(1/(1+EXP(Parameters!$T$9/Parameters!$U$9)))),Parameters!$Q$9*Parameters!$R$9*(1-EXP(-Parameters!$S$9*$D10))+IF(Parameters!$P$9="hump",Parameters!$V$9*($D10/Parameters!$W$9)*EXP(1-$D10/Parameters!$W$9),0)) -> 0.064011642 | J10: =IF(Parameters!$P$10="logistic",Parameters!$Q$10*Parameters!$R$10*((1/(1+EXP(-($D10-Parameters!$T$10)/Parameters!$U$10)))-(1/(1+EXP(Parameters!$T$10/Parameters!$U$10))))/(1-(1/(1+EXP(Parameters!$T$10/Parameters!$U$10)))),Parameters!$Q$10*Parameters!$R$10*(1-EXP(-Parameters!$S$10*$D10))+IF(Parameters!$P$10="hump",Parameters!$V$10*($D10/Parameters!$W$10)*EXP(1-$D10/Parameters!$W$10),0)) -> -0.062681411 | K10: =IF(Parameters!$P$11="logistic",Parameters!$Q$11*Parameters!$R$11*((1/(1+EXP(-($D10-Parameters!$T$11)/Parameters!$U$11)))-(1/(1+EXP(Parameters!$T$11/Parameters!$U$11))))/(1-(1/(1+EXP(Parameters!$T$11/Parameters!$U$11)))),Parameters!$Q$11*Parameters!$R$11*(1-EXP(-Parameters!$S$11*$D10))+IF(Parameters!$P$11="hump",Parameters!$V$11*($D10/Parameters!$W$11)*EXP(1-$D10/Parameters!$W$11),0)) -> -0.11355054 | L10: =IF(Parameters!$P$12="logistic",Parameters!$Q$12*Parameters!$R$12*((1/(1+EXP(-($D10-Parameters!$T$12)/Parameters!$U$12)))-(1/(1+EXP(Parameters!$T$12/Parameters!$U$12))))/(1-(1/(1+EXP(Parameters!$T$12/Parameters!$U$12)))),Parameters!$Q$12*Parameters!$R$12*(1-EXP(-Parameters!$S$12*$D10))+IF(Parameters!$P$12="hump",Parameters!$V$12*($D10/Parameters!$W$12)*EXP(1-$D10/Parameters!$W$12),0)) -> -0.090601384 | M10: =IF(Parameters!$P$13="logistic",Parameters!$Q$13*Parameters!$R$13*((1/(1+EXP(-($D10-Parameters!$T$13)/Parameters!$U$13)))-(1/(1+EXP(Parameters!$T$13/Parameters!$U$13))))/(1-(1/(1+EXP(Parameters!$T$13/Parameters!$U$13)))),Parameters!$Q$13*Parameters!$R$13*(1-EXP(-Parameters!$S$13*$D10))+IF(Parameters!$P$13="hump",Parameters!$V$13*($D10/Parameters!$W$13)*EXP(1-$D10/Parameters!$W$13),0)) -> 0.023617566 | N10: =IF(Parameters!$P$14="logistic",Parameters!$Q$14*Parameters!$R$14*((1/(1+EXP(-($D10-Parameters!$T$14)/Parameters!$U$14)))-(1/(1+EXP(Parameters!$T$14/Parameters!$U$14))))/(1-(1/(1+EXP(Parameters!$T$14/Parameters!$U$14)))),Parameters!$Q$14*Parameters!$R$14*(1-EXP(-Parameters!$S$14*$D10))+IF(Parameters!$P$14="hump",Parameters!$V$14*($D10/Parameters!$W$14)*EXP(1-$D10/Parameters!$W$14),0)) -> 0.098837873 | O10: =IF(Parameters!$P$15="logistic",Parameters!$Q$15*Parameters!$R$15*((1/(1+EXP(-($D10-Parameters!$T$15)/Parameters!$U$15)))-(1/(1+EXP(Parameters!$T$15/Parameters!$U$15))))/(1-(1/(1+EXP(Parameters!$T$15/Parameters!$U$15)))),Parameters!$Q$15*Parameters!$R$15*(1-EXP(-Parameters!$S$15*$D10))+IF(Parameters!$P$15="hump",Parameters!$V$15*($D10/Parameters!$W$15)*EXP(1-$D10/Parameters!$W$15),0)) -> -0.024709468
A11: =B11&"|"&C11 -> Low|mid | B11: Low | C11: mid | D11: =Severity_Classes!$D$6 -> 0.08 | E11: =IF(Parameters!$P$4="logistic",Parameters!$Q$4*Parameters!$R$4*((1/(1+EXP(-($D11-Parameters!$T$4)/Parameters!$U$4)))-(1/(1+EXP(Parameters!$T$4/Parameters!$U$4))))/(1-(1/(1+EXP(Parameters!$T$4/Parameters!$U$4)))),Parameters!$Q$4*Parameters!$R$4*(1-EXP(-Parameters!$S$4*$D11))+IF(Parameters!$P$4="hump",Parameters!$V$4*($D11/Parameters!$W$4)*EXP(1-$D11/Parameters!$W$4),0)) -> -0.013918625 | F11: =IF(Parameters!$P$5="logistic",Parameters!$Q$5*Parameters!$R$5*((1/(1+EXP(-($D11-Parameters!$T$5)/Parameters!$U$5)))-(1/(1+EXP(Parameters!$T$5/Parameters!$U$5))))/(1-(1/(1+EXP(Parameters!$T$5/Parameters!$U$5)))),Parameters!$Q$5*Parameters!$R$5*(1-EXP(-Parameters!$S$5*$D11))+IF(Parameters!$P$5="hump",Parameters!$V$5*($D11/Parameters!$W$5)*EXP(1-$D11/Parameters!$W$5),0)) -> -0.045949118 | G11: =IF(Parameters!$P$6="logistic",Parameters!$Q$6*Parameters!$R$6*((1/(1+EXP(-($D11-Parameters!$T$6)/Parameters!$U$6)))-(1/(1+EXP(Parameters!$T$6/Parameters!$U$6))))/(1-(1/(1+EXP(Parameters!$T$6/Parameters!$U$6)))),Parameters!$Q$6*Parameters!$R$6*(1-EXP(-Parameters!$S$6*$D11))+IF(Parameters!$P$6="hump",Parameters!$V$6*($D11/Parameters!$W$6)*EXP(1-$D11/Parameters!$W$6),0)) -> -0.22253991 | H11: =IF(Parameters!$P$7="logistic",Parameters!$Q$7*Parameters!$R$7*((1/(1+EXP(-($D11-Parameters!$T$7)/Parameters!$U$7)))-(1/(1+EXP(Parameters!$T$7/Parameters!$U$7))))/(1-(1/(1+EXP(Parameters!$T$7/Parameters!$U$7)))),Parameters!$Q$7*Parameters!$R$7*(1-EXP(-Parameters!$S$7*$D11))+IF(Parameters!$P$7="hump",Parameters!$V$7*($D11/Parameters!$W$7)*EXP(1-$D11/Parameters!$W$7),0)) -> -0.13869189 | I11: =IF(Parameters!$P$9="logistic",Parameters!$Q$9*Parameters!$R$9*((1/(1+EXP(-($D11-Parameters!$T$9)/Parameters!$U$9)))-(1/(1+EXP(Parameters!$T$9/Parameters!$U$9))))/(1-(1/(1+EXP(Parameters!$T$9/Parameters!$U$9)))),Parameters!$Q$9*Parameters!$R$9*(1-EXP(-Parameters!$S$9*$D11))+IF(Parameters!$P$9="hump",Parameters!$V$9*($D11/Parameters!$W$9)*EXP(1-$D11/Parameters!$W$9),0)) -> 0.082155289 | J11: =IF(Parameters!$P$10="logistic",Parameters!$Q$10*Parameters!$R$10*((1/(1+EXP(-($D11-Parameters!$T$10)/Parameters!$U$10)))-(1/(1+EXP(Parameters!$T$10/Parameters!$U$10))))/(1-(1/(1+EXP(Parameters!$T$10/Parameters!$U$10)))),Parameters!$Q$10*Parameters!$R$10*(1-EXP(-Parameters!$S$10*$D11))+IF(Parameters!$P$10="hump",Parameters!$V$10*($D11/Parameters!$W$10)*EXP(1-$D11/Parameters!$W$10),0)) -> -0.081571161 | K11: =IF(Parameters!$P$11="logistic",Parameters!$Q$11*Parameters!$R$11*((1/(1+EXP(-($D11-Parameters!$T$11)/Parameters!$U$11)))-(1/(1+EXP(Parameters!$T$11/Parameters!$U$11))))/(1-(1/(1+EXP(Parameters!$T$11/Parameters!$U$11)))),Parameters!$Q$11*Parameters!$R$11*(1-EXP(-Parameters!$S$11*$D11))+IF(Parameters!$P$11="hump",Parameters!$V$11*($D11/Parameters!$W$11)*EXP(1-$D11/Parameters!$W$11),0)) -> -0.14680772 | L11: =IF(Parameters!$P$12="logistic",Parameters!$Q$12*Parameters!$R$12*((1/(1+EXP(-($D11-Parameters!$T$12)/Parameters!$U$12)))-(1/(1+EXP(Parameters!$T$12/Parameters!$U$12))))/(1-(1/(1+EXP(Parameters!$T$12/Parameters!$U$12)))),Parameters!$Q$12*Parameters!$R$12*(1-EXP(-Parameters!$S$12*$D11))+IF(Parameters!$P$12="hump",Parameters!$V$12*($D11/Parameters!$W$12)*EXP(1-$D11/Parameters!$W$12),0)) -> -0.11735468 | M11: =IF(Parameters!$P$13="logistic",Parameters!$Q$13*Parameters!$R$13*((1/(1+EXP(-($D11-Parameters!$T$13)/Parameters!$U$13)))-(1/(1+EXP(Parameters!$T$13/Parameters!$U$13))))/(1-(1/(1+EXP(Parameters!$T$13/Parameters!$U$13)))),Parameters!$Q$13*Parameters!$R$13*(1-EXP(-Parameters!$S$13*$D11))+IF(Parameters!$P$13="hump",Parameters!$V$13*($D11/Parameters!$W$13)*EXP(1-$D11/Parameters!$W$13),0)) -> 0.012363365 | N11: =IF(Parameters!$P$14="logistic",Parameters!$Q$14*Parameters!$R$14*((1/(1+EXP(-($D11-Parameters!$T$14)/Parameters!$U$14)))-(1/(1+EXP(Parameters!$T$14/Parameters!$U$14))))/(1-(1/(1+EXP(Parameters!$T$14/Parameters!$U$14)))),Parameters!$Q$14*Parameters!$R$14*(1-EXP(-Parameters!$S$14*$D11))+IF(Parameters!$P$14="hump",Parameters!$V$14*($D11/Parameters!$W$14)*EXP(1-$D11/Parameters!$W$14),0)) -> 0.12802328 | O11: =IF(Parameters!$P$15="logistic",Parameters!$Q$15*Parameters!$R$15*((1/(1+EXP(-($D11-Parameters!$T$15)/Parameters!$U$15)))-(1/(1+EXP(Parameters!$T$15/Parameters!$U$15))))/(1-(1/(1+EXP(Parameters!$T$15/Parameters!$U$15)))),Parameters!$Q$15*Parameters!$R$15*(1-EXP(-Parameters!$S$15*$D11))+IF(Parameters!$P$15="hump",Parameters!$V$15*($D11/Parameters!$W$15)*EXP(1-$D11/Parameters!$W$15),0)) -> -0.032005821
A12: =B12&"|"&C12 -> Low|high | B12: Low | C12: high | D12: =Severity_Classes!$E$6 -> 0.1 | E12: =IF(Parameters!$P$4="logistic",Parameters!$Q$4*Parameters!$R$4*((1/(1+EXP(-($D12-Parameters!$T$4)/Parameters!$U$4)))-(1/(1+EXP(Parameters!$T$4/Parameters!$U$4))))/(1-(1/(1+EXP(Parameters!$T$4/Parameters!$U$4)))),Parameters!$Q$4*Parameters!$R$4*(1-EXP(-Parameters!$S$4*$D12))+IF(Parameters!$P$4="hump",Parameters!$V$4*($D12/Parameters!$W$4)*EXP(1-$D12/Parameters!$W$4),0)) -> -0.018781627 | F12: =IF(Parameters!$P$5="logistic",Parameters!$Q$5*Parameters!$R$5*((1/(1+EXP(-($D12-Parameters!$T$5)/Parameters!$U$5)))-(1/(1+EXP(Parameters!$T$5/Parameters!$U$5))))/(1-(1/(1+EXP(Parameters!$T$5/Parameters!$U$5)))),Parameters!$Q$5*Parameters!$R$5*(1-EXP(-Parameters!$S$5*$D12))+IF(Parameters!$P$5="hump",Parameters!$V$5*($D12/Parameters!$W$5)*EXP(1-$D12/Parameters!$W$5),0)) -> -0.062766882 | G12: =IF(Parameters!$P$6="logistic",Parameters!$Q$6*Parameters!$R$6*((1/(1+EXP(-($D12-Parameters!$T$6)/Parameters!$U$6)))-(1/(1+EXP(Parameters!$T$6/Parameters!$U$6))))/(1-(1/(1+EXP(Parameters!$T$6/Parameters!$U$6)))),Parameters!$Q$6*Parameters!$R$6*(1-EXP(-Parameters!$S$6*$D12))+IF(Parameters!$P$6="hump",Parameters!$V$6*($D12/Parameters!$W$6)*EXP(1-$D12/Parameters!$W$6),0)) -> -0.26697268 | H12: =IF(Parameters!$P$7="logistic",Parameters!$Q$7*Parameters!$R$7*((1/(1+EXP(-($D12-Parameters!$T$7)/Parameters!$U$7)))-(1/(1+EXP(Parameters!$T$7/Parameters!$U$7))))/(1-(1/(1+EXP(Parameters!$T$7/Parameters!$U$7)))),Parameters!$Q$7*Parameters!$R$7*(1-EXP(-Parameters!$S$7*$D12))+IF(Parameters!$P$7="hump",Parameters!$V$7*($D12/Parameters!$W$7)*EXP(1-$D12/Parameters!$W$7),0)) -> -0.16846816 | I12: =IF(Parameters!$P$9="logistic",Parameters!$Q$9*Parameters!$R$9*((1/(1+EXP(-($D12-Parameters!$T$9)/Parameters!$U$9)))-(1/(1+EXP(Parameters!$T$9/Parameters!$U$9))))/(1-(1/(1+EXP(Parameters!$T$9/Parameters!$U$9)))),Parameters!$Q$9*Parameters!$R$9*(1-EXP(-Parameters!$S$9*$D12))+IF(Parameters!$P$9="hump",Parameters!$V$9*($D12/Parameters!$W$9)*EXP(1-$D12/Parameters!$W$9),0)) -> 0.098903986 | J12: =IF(Parameters!$P$10="logistic",Parameters!$Q$10*Parameters!$R$10*((1/(1+EXP(-($D12-Parameters!$T$10)/Parameters!$U$10)))-(1/(1+EXP(Parameters!$T$10/Parameters!$U$10))))/(1-(1/(1+EXP(Parameters!$T$10/Parameters!$U$10)))),Parameters!$Q$10*Parameters!$R$10*(1-EXP(-Parameters!$S$10*$D12))+IF(Parameters!$P$10="hump",Parameters!$V$10*($D12/Parameters!$W$10)*EXP(1-$D12/Parameters!$W$10),0)) -> -0.099539648 | K12: =IF(Parameters!$P$11="logistic",Parameters!$Q$11*Parameters!$R$11*((1/(1+EXP(-($D12-Parameters!$T$11)/Parameters!$U$11)))-(1/(1+EXP(Parameters!$T$11/Parameters!$U$11))))/(1-(1/(1+EXP(Parameters!$T$11/Parameters!$U$11)))),Parameters!$Q$11*Parameters!$R$11*(1-EXP(-Parameters!$S$11*$D12))+IF(Parameters!$P$11="hump",Parameters!$V$11*($D12/Parameters!$W$11)*EXP(1-$D12/Parameters!$W$11),0)) -> -0.17800313 | L12: =IF(Parameters!$P$12="logistic",Parameters!$Q$12*Parameters!$R$12*((1/(1+EXP(-($D12-Parameters!$T$12)/Parameters!$U$12)))-(1/(1+EXP(Parameters!$T$12/Parameters!$U$12))))/(1-(1/(1+EXP(Parameters!$T$12/Parameters!$U$12)))),Parameters!$Q$12*Parameters!$R$12*(1-EXP(-Parameters!$S$12*$D12))+IF(Parameters!$P$12="hump",Parameters!$V$12*($D12/Parameters!$W$12)*EXP(1-$D12/Parameters!$W$12),0)) -> -0.14254998 | M12: =IF(Parameters!$P$13="logistic",Parameters!$Q$13*Parameters!$R$13*((1/(1+EXP(-($D12-Parameters!$T$13)/Parameters!$U$13)))-(1/(1+EXP(Parameters!$T$13/Parameters!$U$13))))/(1-(1/(1+EXP(Parameters!$T$13/Parameters!$U$13)))),Parameters!$Q$13*Parameters!$R$13*(1-EXP(-Parameters!$S$13*$D12))+IF(Parameters!$P$13="hump",Parameters!$V$13*($D12/Parameters!$W$13)*EXP(1-$D12/Parameters!$W$13),0)) -> -0.0036727117 | N12: =IF(Parameters!$P$14="logistic",Parameters!$Q$14*Parameters!$R$14*((1/(1+EXP(-($D12-Parameters!$T$14)/Parameters!$U$14)))-(1/(1+EXP(Parameters!$T$14/Parameters!$U$14))))/(1-(1/(1+EXP(Parameters!$T$14/Parameters!$U$14)))),Parameters!$Q$14*Parameters!$R$14*(1-EXP(-Parameters!$S$14*$D12))+IF(Parameters!$P$14="hump",Parameters!$V$14*($D12/Parameters!$W$14)*EXP(1-$D12/Parameters!$W$14),0)) -> 0.15550907 | O12: =IF(Parameters!$P$15="logistic",Parameters!$Q$15*Parameters!$R$15*((1/(1+EXP(-($D12-Parameters!$T$15)/Parameters!$U$15)))-(1/(1+EXP(Parameters!$T$15/Parameters!$U$15))))/(1-(1/(1+EXP(Parameters!$T$15/Parameters!$U$15)))),Parameters!$Q$15*Parameters!$R$15*(1-EXP(-Parameters!$S$15*$D12))+IF(Parameters!$P$15="hump",Parameters!$V$15*($D12/Parameters!$W$15)*EXP(1-$D12/Parameters!$W$15),0)) -> -0.038877267
A13: =B13&"|"&C13 -> Moderate|low | B13: Moderate | C13: low | D13: =Severity_Classes!$C$7 -> 0.11 | E13: =IF(Parameters!$P$4="logistic",Parameters!$Q$4*Parameters!$R$4*((1/(1+EXP(-($D13-Parameters!$T$4)/Parameters!$U$4)))-(1/(1+EXP(Parameters!$T$4/Parameters!$U$4))))/(1-(1/(1+EXP(Parameters!$T$4/Parameters!$U$4)))),Parameters!$Q$4*Parameters!$R$4*(1-EXP(-Parameters!$S$4*$D13))+IF(Parameters!$P$4="hump",Parameters!$V$4*($D13/Parameters!$W$4)*EXP(1-$D13/Parameters!$W$4),0)) -> -0.021461902 | F13: =IF(Parameters!$P$5="logistic",Parameters!$Q$5*Parameters!$R$5*((1/(1+EXP(-($D13-Parameters!$T$5)/Parameters!$U$5)))-(1/(1+EXP(Parameters!$T$5/Parameters!$U$5))))/(1-(1/(1+EXP(Parameters!$T$5/Parameters!$U$5)))),Parameters!$Q$5*Parameters!$R$5*(1-EXP(-Parameters!$S$5*$D13))+IF(Parameters!$P$5="hump",Parameters!$V$5*($D13/Parameters!$W$5)*EXP(1-$D13/Parameters!$W$5),0)) -> -0.072133771 | G13: =IF(Parameters!$P$6="logistic",Parameters!$Q$6*Parameters!$R$6*((1/(1+EXP(-($D13-Parameters!$T$6)/Parameters!$U$6)))-(1/(1+EXP(Parameters!$T$6/Parameters!$U$6))))/(1-(1/(1+EXP(Parameters!$T$6/Parameters!$U$6)))),Parameters!$Q$6*Parameters!$R$6*(1-EXP(-Parameters!$S$6*$D13))+IF(Parameters!$P$6="hump",Parameters!$V$6*($D13/Parameters!$W$6)*EXP(1-$D13/Parameters!$W$6),0)) -> -0.2877651 | H13: =IF(Parameters!$P$7="logistic",Parameters!$Q$7*Parameters!$R$7*((1/(1+EXP(-($D13-Parameters!$T$7)/Parameters!$U$7)))-(1/(1+EXP(Parameters!$T$7/Parameters!$U$7))))/(1-(1/(1+EXP(Parameters!$T$7/Parameters!$U$7)))),Parameters!$Q$7*Parameters!$R$7*(1-EXP(-Parameters!$S$7*$D13))+IF(Parameters!$P$7="hump",Parameters!$V$7*($D13/Parameters!$W$7)*EXP(1-$D13/Parameters!$W$7),0)) -> -0.18269957 | I13: =IF(Parameters!$P$9="logistic",Parameters!$Q$9*Parameters!$R$9*((1/(1+EXP(-($D13-Parameters!$T$9)/Parameters!$U$9)))-(1/(1+EXP(Parameters!$T$9/Parameters!$U$9))))/(1-(1/(1+EXP(Parameters!$T$9/Parameters!$U$9)))),Parameters!$Q$9*Parameters!$R$9*(1-EXP(-Parameters!$S$9*$D13))+IF(Parameters!$P$9="hump",Parameters!$V$9*($D13/Parameters!$W$9)*EXP(1-$D13/Parameters!$W$9),0)) -> 0.10678907 | J13: =IF(Parameters!$P$10="logistic",Parameters!$Q$10*Parameters!$R$10*((1/(1+EXP(-($D13-Parameters!$T$10)/Parameters!$U$10)))-(1/(1+EXP(Parameters!$T$10/Parameters!$U$10))))/(1-(1/(1+EXP(Parameters!$T$10/Parameters!$U$10)))),Parameters!$Q$10*Parameters!$R$10*(1-EXP(-Parameters!$S$10*$D13))+IF(Parameters!$P$10="hump",Parameters!$V$10*($D13/Parameters!$W$10)*EXP(1-$D13/Parameters!$W$10),0)) -> -0.10819254 | K13: =IF(Parameters!$P$11="logistic",Parameters!$Q$11*Parameters!$R$11*((1/(1+EXP(-($D13-Parameters!$T$11)/Parameters!$U$11)))-(1/(1+EXP(Parameters!$T$11/Parameters!$U$11))))/(1-(1/(1+EXP(Parameters!$T$11/Parameters!$U$11)))),Parameters!$Q$11*Parameters!$R$11*(1-EXP(-Parameters!$S$11*$D13))+IF(Parameters!$P$11="hump",Parameters!$V$11*($D13/Parameters!$W$11)*EXP(1-$D13/Parameters!$W$11),0)) -> -0.19286792 | L13: =IF(Parameters!$P$12="logistic",Parameters!$Q$12*Parameters!$R$12*((1/(1+EXP(-($D13-Parameters!$T$12)/Parameters!$U$12)))-(1/(1+EXP(Parameters!$T$12/Parameters!$U$12))))/(1-(1/(1+EXP(Parameters!$T$12/Parameters!$U$12)))),Parameters!$Q$12*Parameters!$R$12*(1-EXP(-Parameters!$S$12*$D13))+IF(Parameters!$P$12="hump",Parameters!$V$12*($D13/Parameters!$W$12)*EXP(1-$D13/Parameters!$W$12),0)) -> -0.15459195 | M13: =IF(Parameters!$P$13="logistic",Parameters!$Q$13*Parameters!$R$13*((1/(1+EXP(-($D13-Parameters!$T$13)/Parameters!$U$13)))-(1/(1+EXP(Parameters!$T$13/Parameters!$U$13))))/(1-(1/(1+EXP(Parameters!$T$13/Parameters!$U$13)))),Parameters!$Q$13*Parameters!$R$13*(1-EXP(-Parameters!$S$13*$D13))+IF(Parameters!$P$13="hump",Parameters!$V$13*($D13/Parameters!$W$13)*EXP(1-$D13/Parameters!$W$13),0)) -> -0.012898391 | N13: =IF(Parameters!$P$14="logistic",Parameters!$Q$14*Parameters!$R$14*((1/(1+EXP(-($D13-Parameters!$T$14)/Parameters!$U$14)))-(1/(1+EXP(Parameters!$T$14/Parameters!$U$14))))/(1-(1/(1+EXP(Parameters!$T$14/Parameters!$U$14)))),Parameters!$Q$14*Parameters!$R$14*(1-EXP(-Parameters!$S$14*$D13))+IF(Parameters!$P$14="hump",Parameters!$V$14*($D13/Parameters!$W$14)*EXP(1-$D13/Parameters!$W$14),0)) -> 0.16864576 | O13: =IF(Parameters!$P$15="logistic",Parameters!$Q$15*Parameters!$R$15*((1/(1+EXP(-($D13-Parameters!$T$15)/Parameters!$U$15)))-(1/(1+EXP(Parameters!$T$15/Parameters!$U$15))))/(1-(1/(1+EXP(Parameters!$T$15/Parameters!$U$15)))),Parameters!$Q$15*Parameters!$R$15*(1-EXP(-Parameters!$S$15*$D13))+IF(Parameters!$P$15="hump",Parameters!$V$15*($D13/Parameters!$W$15)*EXP(1-$D13/Parameters!$W$15),0)) -> -0.04216144
A14: =B14&"|"&C14 -> Moderate|mid | B14: Moderate | C14: mid | D14: =Severity_Classes!$D$7 -> 0.18 | E14: =IF(Parameters!$P$4="logistic",Parameters!$Q$4*Parameters!$R$4*((1/(1+EXP(-($D14-Parameters!$T$4)/Parameters!$U$4)))-(1/(1+EXP(Parameters!$T$4/Parameters!$U$4))))/(1-(1/(1+EXP(Parameters!$T$4/Parameters!$U$4)))),Parameters!$Q$4*Parameters!$R$4*(1-EXP(-Parameters!$S$4*$D14))+IF(Parameters!$P$4="hump",Parameters!$V$4*($D14/Parameters!$W$4)*EXP(1-$D14/Parameters!$W$4),0)) -> -0.045489927 | F14: =IF(Parameters!$P$5="logistic",Parameters!$Q$5*Parameters!$R$5*((1/(1+EXP(-($D14-Parameters!$T$5)/Parameters!$U$5)))-(1/(1+EXP(Parameters!$T$5/Parameters!$U$5))))/(1-(1/(1+EXP(Parameters!$T$5/Parameters!$U$5)))),Parameters!$Q$5*Parameters!$R$5*(1-EXP(-Parameters!$S$5*$D14))+IF(Parameters!$P$5="hump",Parameters!$V$5*($D14/Parameters!$W$5)*EXP(1-$D14/Parameters!$W$5),0)) -> -0.15713999 | G14: =IF(Parameters!$P$6="logistic",Parameters!$Q$6*Parameters!$R$6*((1/(1+EXP(-($D14-Parameters!$T$6)/Parameters!$U$6)))-(1/(1+EXP(Parameters!$T$6/Parameters!$U$6))))/(1-(1/(1+EXP(Parameters!$T$6/Parameters!$U$6)))),Parameters!$Q$6*Parameters!$R$6*(1-EXP(-Parameters!$S$6*$D14))+IF(Parameters!$P$6="hump",Parameters!$V$6*($D14/Parameters!$W$6)*EXP(1-$D14/Parameters!$W$6),0)) -> -0.41029649 | H14: =IF(Parameters!$P$7="logistic",Parameters!$Q$7*Parameters!$R$7*((1/(1+EXP(-($D14-Parameters!$T$7)/Parameters!$U$7)))-(1/(1+EXP(Parameters!$T$7/Parameters!$U$7))))/(1-(1/(1+EXP(Parameters!$T$7/Parameters!$U$7)))),Parameters!$Q$7*Parameters!$R$7*(1-EXP(-Parameters!$S$7*$D14))+IF(Parameters!$P$7="hump",Parameters!$V$7*($D14/Parameters!$W$7)*EXP(1-$D14/Parameters!$W$7),0)) -> -0.27121364 | I14: =IF(Parameters!$P$9="logistic",Parameters!$Q$9*Parameters!$R$9*((1/(1+EXP(-($D14-Parameters!$T$9)/Parameters!$U$9)))-(1/(1+EXP(Parameters!$T$9/Parameters!$U$9))))/(1-(1/(1+EXP(Parameters!$T$9/Parameters!$U$9)))),Parameters!$Q$9*Parameters!$R$9*(1-EXP(-Parameters!$S$9*$D14))+IF(Parameters!$P$9="hump",Parameters!$V$9*($D14/Parameters!$W$9)*EXP(1-$D14/Parameters!$W$9),0)) -> 0.15397432 | J14: =IF(Parameters!$P$10="logistic",Parameters!$Q$10*Parameters!$R$10*((1/(1+EXP(-($D14-Parameters!$T$10)/Parameters!$U$10)))-(1/(1+EXP(Parameters!$T$10/Parameters!$U$10))))/(1-(1/(1+EXP(Parameters!$T$10/Parameters!$U$10)))),Parameters!$Q$10*Parameters!$R$10*(1-EXP(-Parameters!$S$10*$D14))+IF(Parameters!$P$10="hump",Parameters!$V$10*($D14/Parameters!$W$10)*EXP(1-$D14/Parameters!$W$10),0)) -> -0.16306733 | K14: =IF(Parameters!$P$11="logistic",Parameters!$Q$11*Parameters!$R$11*((1/(1+EXP(-($D14-Parameters!$T$11)/Parameters!$U$11)))-(1/(1+EXP(Parameters!$T$11/Parameters!$U$11))))/(1-(1/(1+EXP(Parameters!$T$11/Parameters!$U$11)))),Parameters!$Q$11*Parameters!$R$11*(1-EXP(-Parameters!$S$11*$D14))+IF(Parameters!$P$11="hump",Parameters!$V$11*($D14/Parameters!$W$11)*EXP(1-$D14/Parameters!$W$11),0)) -> -0.28460741 | L14: =IF(Parameters!$P$12="logistic",Parameters!$Q$12*Parameters!$R$12*((1/(1+EXP(-($D14-Parameters!$T$12)/Parameters!$U$12)))-(1/(1+EXP(Parameters!$T$12/Parameters!$U$12))))/(1-(1/(1+EXP(Parameters!$T$12/Parameters!$U$12)))),Parameters!$Q$12*Parameters!$R$12*(1-EXP(-Parameters!$S$12*$D14))+IF(Parameters!$P$12="hump",Parameters!$V$12*($D14/Parameters!$W$12)*EXP(1-$D14/Parameters!$W$12),0)) -> -0.22948846 | M14: =IF(Parameters!$P$13="logistic",Parameters!$Q$13*Parameters!$R$13*((1/(1+EXP(-($D14-Parameters!$T$13)/Parameters!$U$13)))-(1/(1+EXP(Parameters!$T$13/Parameters!$U$13))))/(1-(1/(1+EXP(Parameters!$T$13/Parameters!$U$13)))),Parameters!$Q$13*Parameters!$R$13*(1-EXP(-Parameters!$S$13*$D14))+IF(Parameters!$P$13="hump",Parameters!$V$13*($D14/Parameters!$W$13)*EXP(1-$D14/Parameters!$W$13),0)) -> -0.086021486 | N14: =IF(Parameters!$P$14="logistic",Parameters!$Q$14*Parameters!$R$14*((1/(1+EXP(-($D14-Parameters!$T$14)/Parameters!$U$14)))-(1/(1+EXP(Parameters!$T$14/Parameters!$U$14))))/(1-(1/(1+EXP(Parameters!$T$14/Parameters!$U$14)))),Parameters!$Q$14*Parameters!$R$14*(1-EXP(-Parameters!$S$14*$D14))+IF(Parameters!$P$14="hump",Parameters!$V$14*($D14/Parameters!$W$14)*EXP(1-$D14/Parameters!$W$14),0)) -> 0.25035105 | O14: =IF(Parameters!$P$15="logistic",Parameters!$Q$15*Parameters!$R$15*((1/(1+EXP(-($D14-Parameters!$T$15)/Parameters!$U$15)))-(1/(1+EXP(Parameters!$T$15/Parameters!$U$15))))/(1-(1/(1+EXP(Parameters!$T$15/Parameters!$U$15)))),Parameters!$Q$15*Parameters!$R$15*(1-EXP(-Parameters!$S$15*$D14))+IF(Parameters!$P$15="hump",Parameters!$V$15*($D14/Parameters!$W$15)*EXP(1-$D14/Parameters!$W$15),0)) -> -0.062587762
A15: =B15&"|"&C15 -> Moderate|high | B15: Moderate | C15: high | D15: =Severity_Classes!$E$7 -> 0.25 | E15: =IF(Parameters!$P$4="logistic",Parameters!$Q$4*Parameters!$R$4*((1/(1+EXP(-($D15-Parameters!$T$4)/Parameters!$U$4)))-(1/(1+EXP(Parameters!$T$4/Parameters!$U$4))))/(1-(1/(1+EXP(Parameters!$T$4/Parameters!$U$4)))),Parameters!$Q$4*Parameters!$R$4*(1-EXP(-Parameters!$S$4*$D15))+IF(Parameters!$P$4="hump",Parameters!$V$4*($D15/Parameters!$W$4)*EXP(1-$D15/Parameters!$W$4),0)) -> -0.079566064 | F15: =IF(Parameters!$P$5="logistic",Parameters!$Q$5*Parameters!$R$5*((1/(1+EXP(-($D15-Parameters!$T$5)/Parameters!$U$5)))-(1/(1+EXP(Parameters!$T$5/Parameters!$U$5))))/(1-(1/(1+EXP(Parameters!$T$5/Parameters!$U$5)))),Parameters!$Q$5*Parameters!$R$5*(1-EXP(-Parameters!$S$5*$D15))+IF(Parameters!$P$5="hump",Parameters!$V$5*($D15/Parameters!$W$5)*EXP(1-$D15/Parameters!$W$5),0)) -> -0.27343792 | G15: =IF(Parameters!$P$6="logistic",Parameters!$Q$6*Parameters!$R$6*((1/(1+EXP(-($D15-Parameters!$T$6)/Parameters!$U$6)))-(1/(1+EXP(Parameters!$T$6/Parameters!$U$6))))/(1-(1/(1+EXP(Parameters!$T$6/Parameters!$U$6)))),Parameters!$Q$6*Parameters!$R$6*(1-EXP(-Parameters!$S$6*$D15))+IF(Parameters!$P$6="hump",Parameters!$V$6*($D15/Parameters!$W$6)*EXP(1-$D15/Parameters!$W$6),0)) -> -0.50034669 | H15: =IF(Parameters!$P$7="logistic",Parameters!$Q$7*Parameters!$R$7*((1/(1+EXP(-($D15-Parameters!$T$7)/Parameters!$U$7)))-(1/(1+EXP(Parameters!$T$7/Parameters!$U$7))))/(1-(1/(1+EXP(Parameters!$T$7/Parameters!$U$7)))),Parameters!$Q$7*Parameters!$R$7*(1-EXP(-Parameters!$S$7*$D15))+IF(Parameters!$P$7="hump",Parameters!$V$7*($D15/Parameters!$W$7)*EXP(1-$D15/Parameters!$W$7),0)) -> -0.34296174 | I15: =IF(Parameters!$P$9="logistic",Parameters!$Q$9*Parameters!$R$9*((1/(1+EXP(-($D15-Parameters!$T$9)/Parameters!$U$9)))-(1/(1+EXP(Parameters!$T$9/Parameters!$U$9))))/(1-(1/(1+EXP(Parameters!$T$9/Parameters!$U$9)))),Parameters!$Q$9*Parameters!$R$9*(1-EXP(-Parameters!$S$9*$D15))+IF(Parameters!$P$9="hump",Parameters!$V$9*($D15/Parameters!$W$9)*EXP(1-$D15/Parameters!$W$9),0)) -> 0.18963617 | J15: =IF(Parameters!$P$10="logistic",Parameters!$Q$10*Parameters!$R$10*((1/(1+EXP(-($D15-Parameters!$T$10)/Parameters!$U$10)))-(1/(1+EXP(Parameters!$T$10/Parameters!$U$10))))/(1-(1/(1+EXP(Parameters!$T$10/Parameters!$U$10)))),Parameters!$Q$10*Parameters!$R$10*(1-EXP(-Parameters!$S$10*$D15))+IF(Parameters!$P$10="hump",Parameters!$V$10*($D15/Parameters!$W$10)*EXP(1-$D15/Parameters!$W$10),0)) -> -0.20913236 | K15: =IF(Parameters!$P$11="logistic",Parameters!$Q$11*Parameters!$R$11*((1/(1+EXP(-($D15-Parameters!$T$11)/Parameters!$U$11)))-(1/(1+EXP(Parameters!$T$11/Parameters!$U$11))))/(1-(1/(1+EXP(Parameters!$T$11/Parameters!$U$11)))),Parameters!$Q$11*Parameters!$R$11*(1-EXP(-Parameters!$S$11*$D15))+IF(Parameters!$P$11="hump",Parameters!$V$11*($D15/Parameters!$W$11)*EXP(1-$D15/Parameters!$W$11),0)) -> -0.35793617 | L15: =IF(Parameters!$P$12="logistic",Parameters!$Q$12*Parameters!$R$12*((1/(1+EXP(-($D15-Parameters!$T$12)/Parameters!$U$12)))-(1/(1+EXP(Parameters!$T$12/Parameters!$U$12))))/(1-(1/(1+EXP(Parameters!$T$12/Parameters!$U$12)))),Parameters!$Q$12*Parameters!$R$12*(1-EXP(-Parameters!$S$12*$D15))+IF(Parameters!$P$12="hump",Parameters!$V$12*($D15/Parameters!$W$12)*EXP(1-$D15/Parameters!$W$12),0)) -> -0.2901984 | M15: =IF(Parameters!$P$13="logistic",Parameters!$Q$13*Parameters!$R$13*((1/(1+EXP(-($D15-Parameters!$T$13)/Parameters!$U$13)))-(1/(1+EXP(Parameters!$T$13/Parameters!$U$13))))/(1-(1/(1+EXP(Parameters!$T$13/Parameters!$U$13)))),Parameters!$Q$13*Parameters!$R$13*(1-EXP(-Parameters!$S$13*$D15))+IF(Parameters!$P$13="hump",Parameters!$V$13*($D15/Parameters!$W$13)*EXP(1-$D15/Parameters!$W$13),0)) -> -0.15527084 | N15: =IF(Parameters!$P$14="logistic",Parameters!$Q$14*Parameters!$R$14*((1/(1+EXP(-($D15-Parameters!$T$14)/Parameters!$U$14)))-(1/(1+EXP(Parameters!$T$14/Parameters!$U$14))))/(1-(1/(1+EXP(Parameters!$T$14/Parameters!$U$14)))),Parameters!$Q$14*Parameters!$R$14*(1-EXP(-Parameters!$S$14*$D15))+IF(Parameters!$P$14="hump",Parameters!$V$14*($D15/Parameters!$W$14)*EXP(1-$D15/Parameters!$W$14),0)) -> 0.31658007 | O15: =IF(Parameters!$P$15="logistic",Parameters!$Q$15*Parameters!$R$15*((1/(1+EXP(-($D15-Parameters!$T$15)/Parameters!$U$15)))-(1/(1+EXP(Parameters!$T$15/Parameters!$U$15))))/(1-(1/(1+EXP(Parameters!$T$15/Parameters!$U$15)))),Parameters!$Q$15*Parameters!$R$15*(1-EXP(-Parameters!$S$15*$D15))+IF(Parameters!$P$15="hump",Parameters!$V$15*($D15/Parameters!$W$15)*EXP(1-$D15/Parameters!$W$15),0)) -> -0.079145017
A16: =B16&"|"&C16 -> High|low | B16: High | C16: low | D16: =Severity_Classes!$C$8 -> 0.26 | E16: =IF(Parameters!$P$4="logistic",Parameters!$Q$4*Parameters!$R$4*((1/(1+EXP(-($D16-Parameters!$T$4)/Parameters!$U$4)))-(1/(1+EXP(Parameters!$T$4/Parameters!$U$4))))/(1-(1/(1+EXP(Parameters!$T$4/Parameters!$U$4)))),Parameters!$Q$4*Parameters!$R$4*(1-EXP(-Parameters!$S$4*$D16))+IF(Parameters!$P$4="hump",Parameters!$V$4*($D16/Parameters!$W$4)*EXP(1-$D16/Parameters!$W$4),0)) -> -0.085220515 | F16: =IF(Parameters!$P$5="logistic",Parameters!$Q$5*Parameters!$R$5*((1/(1+EXP(-($D16-Parameters!$T$5)/Parameters!$U$5)))-(1/(1+EXP(Parameters!$T$5/Parameters!$U$5))))/(1-(1/(1+EXP(Parameters!$T$5/Parameters!$U$5)))),Parameters!$Q$5*Parameters!$R$5*(1-EXP(-Parameters!$S$5*$D16))+IF(Parameters!$P$5="hump",Parameters!$V$5*($D16/Parameters!$W$5)*EXP(1-$D16/Parameters!$W$5),0)) -> -0.29171139 | G16: =IF(Parameters!$P$6="logistic",Parameters!$Q$6*Parameters!$R$6*((1/(1+EXP(-($D16-Parameters!$T$6)/Parameters!$U$6)))-(1/(1+EXP(Parameters!$T$6/Parameters!$U$6))))/(1-(1/(1+EXP(Parameters!$T$6/Parameters!$U$6)))),Parameters!$Q$6*Parameters!$R$6*(1-EXP(-Parameters!$S$6*$D16))+IF(Parameters!$P$6="hump",Parameters!$V$6*($D16/Parameters!$W$6)*EXP(1-$D16/Parameters!$W$6),0)) -> -0.51109327 | H16: =IF(Parameters!$P$7="logistic",Parameters!$Q$7*Parameters!$R$7*((1/(1+EXP(-($D16-Parameters!$T$7)/Parameters!$U$7)))-(1/(1+EXP(Parameters!$T$7/Parameters!$U$7))))/(1-(1/(1+EXP(Parameters!$T$7/Parameters!$U$7)))),Parameters!$Q$7*Parameters!$R$7*(1-EXP(-Parameters!$S$7*$D16))+IF(Parameters!$P$7="hump",Parameters!$V$7*($D16/Parameters!$W$7)*EXP(1-$D16/Parameters!$W$7),0)) -> -0.35203609 | I16: =IF(Parameters!$P$9="logistic",Parameters!$Q$9*Parameters!$R$9*((1/(1+EXP(-($D16-Parameters!$T$9)/Parameters!$U$9)))-(1/(1+EXP(Parameters!$T$9/Parameters!$U$9))))/(1-(1/(1+EXP(Parameters!$T$9/Parameters!$U$9)))),Parameters!$Q$9*Parameters!$R$9*(1-EXP(-Parameters!$S$9*$D16))+IF(Parameters!$P$9="hump",Parameters!$V$9*($D16/Parameters!$W$9)*EXP(1-$D16/Parameters!$W$9),0)) -> 0.1939636 | J16: =IF(Parameters!$P$10="logistic",Parameters!$Q$10*Parameters!$R$10*((1/(1+EXP(-($D16-Parameters!$T$10)/Parameters!$U$10)))-(1/(1+EXP(Parameters!$T$10/Parameters!$U$10))))/(1-(1/(1+EXP(Parameters!$T$10/Parameters!$U$10)))),Parameters!$Q$10*Parameters!$R$10*(1-EXP(-Parameters!$S$10*$D16))+IF(Parameters!$P$10="hump",Parameters!$V$10*($D16/Parameters!$W$10)*EXP(1-$D16/Parameters!$W$10),0)) -> -0.2150794 | K16: =IF(Parameters!$P$11="logistic",Parameters!$Q$11*Parameters!$R$11*((1/(1+EXP(-($D16-Parameters!$T$11)/Parameters!$U$11)))-(1/(1+EXP(Parameters!$T$11/Parameters!$U$11))))/(1-(1/(1+EXP(Parameters!$T$11/Parameters!$U$11)))),Parameters!$Q$11*Parameters!$R$11*(1-EXP(-Parameters!$S$11*$D16))+IF(Parameters!$P$11="hump",Parameters!$V$11*($D16/Parameters!$W$11)*EXP(1-$D16/Parameters!$W$11),0)) -> -0.36713426 | L16: =IF(Parameters!$P$12="logistic",Parameters!$Q$12*Parameters!$R$12*((1/(1+EXP(-($D16-Parameters!$T$12)/Parameters!$U$12)))-(1/(1+EXP(Parameters!$T$12/Parameters!$U$12))))/(1-(1/(1+EXP(Parameters!$T$12/Parameters!$U$12)))),Parameters!$Q$12*Parameters!$R$12*(1-EXP(-Parameters!$S$12*$D16))+IF(Parameters!$P$12="hump",Parameters!$V$12*($D16/Parameters!$W$12)*EXP(1-$D16/Parameters!$W$12),0)) -> -0.29787669 | M16: =IF(Parameters!$P$13="logistic",Parameters!$Q$13*Parameters!$R$13*((1/(1+EXP(-($D16-Parameters!$T$13)/Parameters!$U$13)))-(1/(1+EXP(Parameters!$T$13/Parameters!$U$13))))/(1-(1/(1+EXP(Parameters!$T$13/Parameters!$U$13)))),Parameters!$Q$13*Parameters!$R$13*(1-EXP(-Parameters!$S$13*$D16))+IF(Parameters!$P$13="hump",Parameters!$V$13*($D16/Parameters!$W$13)*EXP(1-$D16/Parameters!$W$13),0)) -> -0.1641445 | N16: =IF(Parameters!$P$14="logistic",Parameters!$Q$14*Parameters!$R$14*((1/(1+EXP(-($D16-Parameters!$T$14)/Parameters!$U$14)))-(1/(1+EXP(Parameters!$T$14/Parameters!$U$14))))/(1-(1/(1+EXP(Parameters!$T$14/Parameters!$U$14)))),Parameters!$Q$14*Parameters!$R$14*(1-EXP(-Parameters!$S$14*$D16))+IF(Parameters!$P$14="hump",Parameters!$V$14*($D16/Parameters!$W$14)*EXP(1-$D16/Parameters!$W$14),0)) -> 0.32495639 | O16: =IF(Parameters!$P$15="logistic",Parameters!$Q$15*Parameters!$R$15*((1/(1+EXP(-($D16-Parameters!$T$15)/Parameters!$U$15)))-(1/(1+EXP(Parameters!$T$15/Parameters!$U$15))))/(1-(1/(1+EXP(Parameters!$T$15/Parameters!$U$15)))),Parameters!$Q$15*Parameters!$R$15*(1-EXP(-Parameters!$S$15*$D16))+IF(Parameters!$P$15="hump",Parameters!$V$15*($D16/Parameters!$W$15)*EXP(1-$D16/Parameters!$W$15),0)) -> -0.081239098
A17: =B17&"|"&C17 -> High|mid | B17: High | C17: mid | D17: =Severity_Classes!$D$8 -> 0.38 | E17: =IF(Parameters!$P$4="logistic",Parameters!$Q$4*Parameters!$R$4*((1/(1+EXP(-($D17-Parameters!$T$4)/Parameters!$U$4)))-(1/(1+EXP(Parameters!$T$4/Parameters!$U$4))))/(1-(1/(1+EXP(Parameters!$T$4/Parameters!$U$4)))),Parameters!$Q$4*Parameters!$R$4*(1-EXP(-Parameters!$S$4*$D17))+IF(Parameters!$P$4="hump",Parameters!$V$4*($D17/Parameters!$W$4)*EXP(1-$D17/Parameters!$W$4),0)) -> -0.16154527 | F17: =IF(Parameters!$P$5="logistic",Parameters!$Q$5*Parameters!$R$5*((1/(1+EXP(-($D17-Parameters!$T$5)/Parameters!$U$5)))-(1/(1+EXP(Parameters!$T$5/Parameters!$U$5))))/(1-(1/(1+EXP(Parameters!$T$5/Parameters!$U$5)))),Parameters!$Q$5*Parameters!$R$5*(1-EXP(-Parameters!$S$5*$D17))+IF(Parameters!$P$5="hump",Parameters!$V$5*($D17/Parameters!$W$5)*EXP(1-$D17/Parameters!$W$5),0)) -> -0.50029296 | G17: =IF(Parameters!$P$6="logistic",Parameters!$Q$6*Parameters!$R$6*((1/(1+EXP(-($D17-Parameters!$T$6)/Parameters!$U$6)))-(1/(1+EXP(Parameters!$T$6/Parameters!$U$6))))/(1-(1/(1+EXP(Parameters!$T$6/Parameters!$U$6)))),Parameters!$Q$6*Parameters!$R$6*(1-EXP(-Parameters!$S$6*$D17))+IF(Parameters!$P$6="hump",Parameters!$V$6*($D17/Parameters!$W$6)*EXP(1-$D17/Parameters!$W$6),0)) -> -0.60909679 | H17: =IF(Parameters!$P$7="logistic",Parameters!$Q$7*Parameters!$R$7*((1/(1+EXP(-($D17-Parameters!$T$7)/Parameters!$U$7)))-(1/(1+EXP(Parameters!$T$7/Parameters!$U$7))))/(1-(1/(1+EXP(Parameters!$T$7/Parameters!$U$7)))),Parameters!$Q$7*Parameters!$R$7*(1-EXP(-Parameters!$S$7*$D17))+IF(Parameters!$P$7="hump",Parameters!$V$7*($D17/Parameters!$W$7)*EXP(1-$D17/Parameters!$W$7),0)) -> -0.44211764 | I17: =IF(Parameters!$P$9="logistic",Parameters!$Q$9*Parameters!$R$9*((1/(1+EXP(-($D17-Parameters!$T$9)/Parameters!$U$9)))-(1/(1+EXP(Parameters!$T$9/Parameters!$U$9))))/(1-(1/(1+EXP(Parameters!$T$9/Parameters!$U$9)))),Parameters!$Q$9*Parameters!$R$9*(1-EXP(-Parameters!$S$9*$D17))+IF(Parameters!$P$9="hump",Parameters!$V$9*($D17/Parameters!$W$9)*EXP(1-$D17/Parameters!$W$9),0)) -> 0.23438643 | J17: =IF(Parameters!$P$10="logistic",Parameters!$Q$10*Parameters!$R$10*((1/(1+EXP(-($D17-Parameters!$T$10)/Parameters!$U$10)))-(1/(1+EXP(Parameters!$T$10/Parameters!$U$10))))/(1-(1/(1+EXP(Parameters!$T$10/Parameters!$U$10)))),Parameters!$Q$10*Parameters!$R$10*(1-EXP(-Parameters!$S$10*$D17))+IF(Parameters!$P$10="hump",Parameters!$V$10*($D17/Parameters!$W$10)*EXP(1-$D17/Parameters!$W$10),0)) -> -0.27596654 | K17: =IF(Parameters!$P$11="logistic",Parameters!$Q$11*Parameters!$R$11*((1/(1+EXP(-($D17-Parameters!$T$11)/Parameters!$U$11)))-(1/(1+EXP(Parameters!$T$11/Parameters!$U$11))))/(1-(1/(1+EXP(Parameters!$T$11/Parameters!$U$11)))),Parameters!$Q$11*Parameters!$R$11*(1-EXP(-Parameters!$S$11*$D17))+IF(Parameters!$P$11="hump",Parameters!$V$11*($D17/Parameters!$W$11)*EXP(1-$D17/Parameters!$W$11),0)) -> -0.45733126 | L17: =IF(Parameters!$P$12="logistic",Parameters!$Q$12*Parameters!$R$12*((1/(1+EXP(-($D17-Parameters!$T$12)/Parameters!$U$12)))-(1/(1+EXP(Parameters!$T$12/Parameters!$U$12))))/(1-(1/(1+EXP(Parameters!$T$12/Parameters!$U$12)))),Parameters!$Q$12*Parameters!$R$12*(1-EXP(-Parameters!$S$12*$D17))+IF(Parameters!$P$12="hump",Parameters!$V$12*($D17/Parameters!$W$12)*EXP(1-$D17/Parameters!$W$12),0)) -> -0.37409954 | M17: =IF(Parameters!$P$13="logistic",Parameters!$Q$13*Parameters!$R$13*((1/(1+EXP(-($D17-Parameters!$T$13)/Parameters!$U$13)))-(1/(1+EXP(Parameters!$T$13/Parameters!$U$13))))/(1-(1/(1+EXP(Parameters!$T$13/Parameters!$U$13)))),Parameters!$Q$13*Parameters!$R$13*(1-EXP(-Parameters!$S$13*$D17))+IF(Parameters!$P$13="hump",Parameters!$V$13*($D17/Parameters!$W$13)*EXP(1-$D17/Parameters!$W$13),0)) -> -0.24896457 | N17: =IF(Parameters!$P$14="logistic",Parameters!$Q$14*Parameters!$R$14*((1/(1+EXP(-($D17-Parameters!$T$14)/Parameters!$U$14)))-(1/(1+EXP(Parameters!$T$14/Parameters!$U$14))))/(1-(1/(1+EXP(Parameters!$T$14/Parameters!$U$14)))),Parameters!$Q$14*Parameters!$R$14*(1-EXP(-Parameters!$S$14*$D17))+IF(Parameters!$P$14="hump",Parameters!$V$14*($D17/Parameters!$W$14)*EXP(1-$D17/Parameters!$W$14),0)) -> 0.40810859 | O17: =IF(Parameters!$P$15="logistic",Parameters!$Q$15*Parameters!$R$15*((1/(1+EXP(-($D17-Parameters!$T$15)/Parameters!$U$15)))-(1/(1+EXP(Parameters!$T$15/Parameters!$U$15))))/(1-(1/(1+EXP(Parameters!$T$15/Parameters!$U$15)))),Parameters!$Q$15*Parameters!$R$15*(1-EXP(-Parameters!$S$15*$D17))+IF(Parameters!$P$15="hump",Parameters!$V$15*($D17/Parameters!$W$15)*EXP(1-$D17/Parameters!$W$15),0)) -> -0.10202715
A18: =B18&"|"&C18 -> High|high | B18: High | C18: high | D18: =Severity_Classes!$E$8 -> 0.5 | E18: =IF(Parameters!$P$4="logistic",Parameters!$Q$4*Parameters!$R$4*((1/(1+EXP(-($D18-Parameters!$T$4)/Parameters!$U$4)))-(1/(1+EXP(Parameters!$T$4/Parameters!$U$4))))/(1-(1/(1+EXP(Parameters!$T$4/Parameters!$U$4)))),Parameters!$Q$4*Parameters!$R$4*(1-EXP(-Parameters!$S$4*$D18))+IF(Parameters!$P$4="hump",Parameters!$V$4*($D18/Parameters!$W$4)*EXP(1-$D18/Parameters!$W$4),0)) -> -0.22957462 | F18: =IF(Parameters!$P$5="logistic",Parameters!$Q$5*Parameters!$R$5*((1/(1+EXP(-($D18-Parameters!$T$5)/Parameters!$U$5)))-(1/(1+EXP(Parameters!$T$5/Parameters!$U$5))))/(1-(1/(1+EXP(Parameters!$T$5/Parameters!$U$5)))),Parameters!$Q$5*Parameters!$R$5*(1-EXP(-Parameters!$S$5*$D18))+IF(Parameters!$P$5="hump",Parameters!$V$5*($D18/Parameters!$W$5)*EXP(1-$D18/Parameters!$W$5),0)) -> -0.62592857 | G18: =IF(Parameters!$P$6="logistic",Parameters!$Q$6*Parameters!$R$6*((1/(1+EXP(-($D18-Parameters!$T$6)/Parameters!$U$6)))-(1/(1+EXP(Parameters!$T$6/Parameters!$U$6))))/(1-(1/(1+EXP(Parameters!$T$6/Parameters!$U$6)))),Parameters!$Q$6*Parameters!$R$6*(1-EXP(-Parameters!$S$6*$D18))+IF(Parameters!$P$6="hump",Parameters!$V$6*($D18/Parameters!$W$6)*EXP(1-$D18/Parameters!$W$6),0)) -> -0.66689763 | H18: =IF(Parameters!$P$7="logistic",Parameters!$Q$7*Parameters!$R$7*((1/(1+EXP(-($D18-Parameters!$T$7)/Parameters!$U$7)))-(1/(1+EXP(Parameters!$T$7/Parameters!$U$7))))/(1-(1/(1+EXP(Parameters!$T$7/Parameters!$U$7)))),Parameters!$Q$7*Parameters!$R$7*(1-EXP(-Parameters!$S$7*$D18))+IF(Parameters!$P$7="hump",Parameters!$V$7*($D18/Parameters!$W$7)*EXP(1-$D18/Parameters!$W$7),0)) -> -0.5049654 | I18: =IF(Parameters!$P$9="logistic",Parameters!$Q$9*Parameters!$R$9*((1/(1+EXP(-($D18-Parameters!$T$9)/Parameters!$U$9)))-(1/(1+EXP(Parameters!$T$9/Parameters!$U$9))))/(1-(1/(1+EXP(Parameters!$T$9/Parameters!$U$9)))),Parameters!$Q$9*Parameters!$R$9*(1-EXP(-Parameters!$S$9*$D18))+IF(Parameters!$P$9="hump",Parameters!$V$9*($D18/Parameters!$W$9)*EXP(1-$D18/Parameters!$W$9),0)) -> 0.25939942 | J18: =IF(Parameters!$P$10="logistic",Parameters!$Q$10*Parameters!$R$10*((1/(1+EXP(-($D18-Parameters!$T$10)/Parameters!$U$10)))-(1/(1+EXP(Parameters!$T$10/Parameters!$U$10))))/(1-(1/(1+EXP(Parameters!$T$10/Parameters!$U$10)))),Parameters!$Q$10*Parameters!$R$10*(1-EXP(-Parameters!$S$10*$D18))+IF(Parameters!$P$10="hump",Parameters!$V$10*($D18/Parameters!$W$10)*EXP(1-$D18/Parameters!$W$10),0)) -> -0.32107284 | K18: =IF(Parameters!$P$11="logistic",Parameters!$Q$11*Parameters!$R$11*((1/(1+EXP(-($D18-Parameters!$T$11)/Parameters!$U$11)))-(1/(1+EXP(Parameters!$T$11/Parameters!$U$11))))/(1-(1/(1+EXP(Parameters!$T$11/Parameters!$U$11)))),Parameters!$Q$11*Parameters!$R$11*(1-EXP(-Parameters!$S$11*$D18))+IF(Parameters!$P$11="hump",Parameters!$V$11*($D18/Parameters!$W$11)*EXP(1-$D18/Parameters!$W$11),0)) -> -0.51876726 | L18: =IF(Parameters!$P$12="logistic",Parameters!$Q$12*Parameters!$R$12*((1/(1+EXP(-($D18-Parameters!$T$12)/Parameters!$U$12)))-(1/(1+EXP(Parameters!$T$12/Parameters!$U$12))))/(1-(1/(1+EXP(Parameters!$T$12/Parameters!$U$12)))),Parameters!$Q$12*Parameters!$R$12*(1-EXP(-Parameters!$S$12*$D18))+IF(Parameters!$P$12="hump",Parameters!$V$12*($D18/Parameters!$W$12)*EXP(1-$D18/Parameters!$W$12),0)) -> -0.42727841 | M18: =IF(Parameters!$P$13="logistic",Parameters!$Q$13*Parameters!$R$13*((1/(1+EXP(-($D18-Parameters!$T$13)/Parameters!$U$13)))-(1/(1+EXP(Parameters!$T$13/Parameters!$U$13))))/(1-(1/(1+EXP(Parameters!$T$13/Parameters!$U$13)))),Parameters!$Q$13*Parameters!$R$13*(1-EXP(-Parameters!$S$13*$D18))+IF(Parameters!$P$13="hump",Parameters!$V$13*($D18/Parameters!$W$13)*EXP(1-$D18/Parameters!$W$13),0)) -> -0.30159012 | N18: =IF(Parameters!$P$14="logistic",Parameters!$Q$14*Parameters!$R$14*((1/(1+EXP(-($D18-Parameters!$T$14)/Parameters!$U$14)))-(1/(1+EXP(Parameters!$T$14/Parameters!$U$14))))/(1-(1/(1+EXP(Parameters!$T$14/Parameters!$U$14)))),Parameters!$Q$14*Parameters!$R$14*(1-EXP(-Parameters!$S$14*$D18))+IF(Parameters!$P$14="hump",Parameters!$V$14*($D18/Parameters!$W$14)*EXP(1-$D18/Parameters!$W$14),0)) -> 0.4661219 | O18: =IF(Parameters!$P$15="logistic",Parameters!$Q$15*Parameters!$R$15*((1/(1+EXP(-($D18-Parameters!$T$15)/Parameters!$U$15)))-(1/(1+EXP(Parameters!$T$15/Parameters!$U$15))))/(1-(1/(1+EXP(Parameters!$T$15/Parameters!$U$15)))),Parameters!$Q$15*Parameters!$R$15*(1-EXP(-Parameters!$S$15*$D18))+IF(Parameters!$P$15="hump",Parameters!$V$15*($D18/Parameters!$W$15)*EXP(1-$D18/Parameters!$W$15),0)) -> -0.11653048
A19: =B19&"|"&C19 -> Very high|low | B19: Very high | C19: low | D19: =Severity_Classes!$C$9 -> 0.51 | E19: =IF(Parameters!$P$4="logistic",Parameters!$Q$4*Parameters!$R$4*((1/(1+EXP(-($D19-Parameters!$T$4)/Parameters!$U$4)))-(1/(1+EXP(Parameters!$T$4/Parameters!$U$4))))/(1-(1/(1+EXP(Parameters!$T$4/Parameters!$U$4)))),Parameters!$Q$4*Parameters!$R$4*(1-EXP(-Parameters!$S$4*$D19))+IF(Parameters!$P$4="hump",Parameters!$V$4*($D19/Parameters!$W$4)*EXP(1-$D19/Parameters!$W$4),0)) -> -0.23403086 | F19: =IF(Parameters!$P$5="logistic",Parameters!$Q$5*Parameters!$R$5*((1/(1+EXP(-($D19-Parameters!$T$5)/Parameters!$U$5)))-(1/(1+EXP(Parameters!$T$5/Parameters!$U$5))))/(1-(1/(1+EXP(Parameters!$T$5/Parameters!$U$5)))),Parameters!$Q$5*Parameters!$R$5*(1-EXP(-Parameters!$S$5*$D19))+IF(Parameters!$P$5="hump",Parameters!$V$5*($D19/Parameters!$W$5)*EXP(1-$D19/Parameters!$W$5),0)) -> -0.63233509 | G19: =IF(Parameters!$P$6="logistic",Parameters!$Q$6*Parameters!$R$6*((1/(1+EXP(-($D19-Parameters!$T$6)/Parameters!$U$6)))-(1/(1+EXP(Parameters!$T$6/Parameters!$U$6))))/(1-(1/(1+EXP(Parameters!$T$6/Parameters!$U$6)))),Parameters!$Q$6*Parameters!$R$6*(1-EXP(-Parameters!$S$6*$D19))+IF(Parameters!$P$6="hump",Parameters!$V$6*($D19/Parameters!$W$6)*EXP(1-$D19/Parameters!$W$6),0)) -> -0.67047486 | H19: =IF(Parameters!$P$7="logistic",Parameters!$Q$7*Parameters!$R$7*((1/(1+EXP(-($D19-Parameters!$T$7)/Parameters!$U$7)))-(1/(1+EXP(Parameters!$T$7/Parameters!$U$7))))/(1-(1/(1+EXP(Parameters!$T$7/Parameters!$U$7)))),Parameters!$Q$7*Parameters!$R$7*(1-EXP(-Parameters!$S$7*$D19))+IF(Parameters!$P$7="hump",Parameters!$V$7*($D19/Parameters!$W$7)*EXP(1-$D19/Parameters!$W$7),0)) -> -0.50925182 | I19: =IF(Parameters!$P$9="logistic",Parameters!$Q$9*Parameters!$R$9*((1/(1+EXP(-($D19-Parameters!$T$9)/Parameters!$U$9)))-(1/(1+EXP(Parameters!$T$9/Parameters!$U$9))))/(1-(1/(1+EXP(Parameters!$T$9/Parameters!$U$9)))),Parameters!$Q$9*Parameters!$R$9*(1-EXP(-Parameters!$S$9*$D19))+IF(Parameters!$P$9="hump",Parameters!$V$9*($D19/Parameters!$W$9)*EXP(1-$D19/Parameters!$W$9),0)) -> 0.26099139 | J19: =IF(Parameters!$P$10="logistic",Parameters!$Q$10*Parameters!$R$10*((1/(1+EXP(-($D19-Parameters!$T$10)/Parameters!$U$10)))-(1/(1+EXP(Parameters!$T$10/Parameters!$U$10))))/(1-(1/(1+EXP(Parameters!$T$10/Parameters!$U$10)))),Parameters!$Q$10*Parameters!$R$10*(1-EXP(-Parameters!$S$10*$D19))+IF(Parameters!$P$10="hump",Parameters!$V$10*($D19/Parameters!$W$10)*EXP(1-$D19/Parameters!$W$10),0)) -> -0.32425606 | K19: =IF(Parameters!$P$11="logistic",Parameters!$Q$11*Parameters!$R$11*((1/(1+EXP(-($D19-Parameters!$T$11)/Parameters!$U$11)))-(1/(1+EXP(Parameters!$T$11/Parameters!$U$11))))/(1-(1/(1+EXP(Parameters!$T$11/Parameters!$U$11)))),Parameters!$Q$11*Parameters!$R$11*(1-EXP(-Parameters!$S$11*$D19))+IF(Parameters!$P$11="hump",Parameters!$V$11*($D19/Parameters!$W$11)*EXP(1-$D19/Parameters!$W$11),0)) -> -0.52290023 | L19: =IF(Parameters!$P$12="logistic",Parameters!$Q$12*Parameters!$R$12*((1/(1+EXP(-($D19-Parameters!$T$12)/Parameters!$U$12)))-(1/(1+EXP(Parameters!$T$12/Parameters!$U$12))))/(1-(1/(1+EXP(Parameters!$T$12/Parameters!$U$12)))),Parameters!$Q$12*Parameters!$R$12*(1-EXP(-Parameters!$S$12*$D19))+IF(Parameters!$P$12="hump",Parameters!$V$12*($D19/Parameters!$W$12)*EXP(1-$D19/Parameters!$W$12),0)) -> -0.43090538 | M19: =IF(Parameters!$P$13="logistic",Parameters!$Q$13*Parameters!$R$13*((1/(1+EXP(-($D19-Parameters!$T$13)/Parameters!$U$13)))-(1/(1+EXP(Parameters!$T$13/Parameters!$U$13))))/(1-(1/(1+EXP(Parameters!$T$13/Parameters!$U$13)))),Parameters!$Q$13*Parameters!$R$13*(1-EXP(-Parameters!$S$13*$D19))+IF(Parameters!$P$13="hump",Parameters!$V$13*($D19/Parameters!$W$13)*EXP(1-$D19/Parameters!$W$13),0)) -> -0.30493367 | N19: =IF(Parameters!$P$14="logistic",Parameters!$Q$14*Parameters!$R$14*((1/(1+EXP(-($D19-Parameters!$T$14)/Parameters!$U$14)))-(1/(1+EXP(Parameters!$T$14/Parameters!$U$14))))/(1-(1/(1+EXP(Parameters!$T$14/Parameters!$U$14)))),Parameters!$Q$14*Parameters!$R$14*(1-EXP(-Parameters!$S$14*$D19))+IF(Parameters!$P$14="hump",Parameters!$V$14*($D19/Parameters!$W$14)*EXP(1-$D19/Parameters!$W$14),0)) -> 0.4700786 | O19: =IF(Parameters!$P$15="logistic",Parameters!$Q$15*Parameters!$R$15*((1/(1+EXP(-($D19-Parameters!$T$15)/Parameters!$U$15)))-(1/(1+EXP(Parameters!$T$15/Parameters!$U$15))))/(1-(1/(1+EXP(Parameters!$T$15/Parameters!$U$15)))),Parameters!$Q$15*Parameters!$R$15*(1-EXP(-Parameters!$S$15*$D19))+IF(Parameters!$P$15="hump",Parameters!$V$15*($D19/Parameters!$W$15)*EXP(1-$D19/Parameters!$W$15),0)) -> -0.11751965
A20: =B20&"|"&C20 -> Very high|mid | B20: Very high | C20: mid | D20: =Severity_Classes!$D$9 -> 0.65 | E20: =IF(Parameters!$P$4="logistic",Parameters!$Q$4*Parameters!$R$4*((1/(1+EXP(-($D20-Parameters!$T$4)/Parameters!$U$4)))-(1/(1+EXP(Parameters!$T$4/Parameters!$U$4))))/(1-(1/(1+EXP(Parameters!$T$4/Parameters!$U$4)))),Parameters!$Q$4*Parameters!$R$4*(1-EXP(-Parameters!$S$4*$D20))+IF(Parameters!$P$4="hump",Parameters!$V$4*($D20/Parameters!$W$4)*EXP(1-$D20/Parameters!$W$4),0)) -> -0.27601105 | F20: =IF(Parameters!$P$5="logistic",Parameters!$Q$5*Parameters!$R$5*((1/(1+EXP(-($D20-Parameters!$T$5)/Parameters!$U$5)))-(1/(1+EXP(Parameters!$T$5/Parameters!$U$5))))/(1-(1/(1+EXP(Parameters!$T$5/Parameters!$U$5)))),Parameters!$Q$5*Parameters!$R$5*(1-EXP(-Parameters!$S$5*$D20))+IF(Parameters!$P$5="hump",Parameters!$V$5*($D20/Parameters!$W$5)*EXP(1-$D20/Parameters!$W$5),0)) -> -0.68208407 | G20: =IF(Parameters!$P$6="logistic",Parameters!$Q$6*Parameters!$R$6*((1/(1+EXP(-($D20-Parameters!$T$6)/Parameters!$U$6)))-(1/(1+EXP(Parameters!$T$6/Parameters!$U$6))))/(1-(1/(1+EXP(Parameters!$T$6/Parameters!$U$6)))),Parameters!$Q$6*Parameters!$R$6*(1-EXP(-Parameters!$S$6*$D20))+IF(Parameters!$P$6="hump",Parameters!$V$6*($D20/Parameters!$W$6)*EXP(1-$D20/Parameters!$W$6),0)) -> -0.70704843 | H20: =IF(Parameters!$P$7="logistic",Parameters!$Q$7*Parameters!$R$7*((1/(1+EXP(-($D20-Parameters!$T$7)/Parameters!$U$7)))-(1/(1+EXP(Parameters!$T$7/Parameters!$U$7))))/(1-(1/(1+EXP(Parameters!$T$7/Parameters!$U$7)))),Parameters!$Q$7*Parameters!$R$7*(1-EXP(-Parameters!$S$7*$D20))+IF(Parameters!$P$7="hump",Parameters!$V$7*($D20/Parameters!$W$7)*EXP(1-$D20/Parameters!$W$7),0)) -> -0.55752185 | I20: =IF(Parameters!$P$9="logistic",Parameters!$Q$9*Parameters!$R$9*((1/(1+EXP(-($D20-Parameters!$T$9)/Parameters!$U$9)))-(1/(1+EXP(Parameters!$T$9/Parameters!$U$9))))/(1-(1/(1+EXP(Parameters!$T$9/Parameters!$U$9)))),Parameters!$Q$9*Parameters!$R$9*(1-EXP(-Parameters!$S$9*$D20))+IF(Parameters!$P$9="hump",Parameters!$V$9*($D20/Parameters!$W$9)*EXP(1-$D20/Parameters!$W$9),0)) -> 0.27771793 | J20: =IF(Parameters!$P$10="logistic",Parameters!$Q$10*Parameters!$R$10*((1/(1+EXP(-($D20-Parameters!$T$10)/Parameters!$U$10)))-(1/(1+EXP(Parameters!$T$10/Parameters!$U$10))))/(1-(1/(1+EXP(Parameters!$T$10/Parameters!$U$10)))),Parameters!$Q$10*Parameters!$R$10*(1-EXP(-Parameters!$S$10*$D20))+IF(Parameters!$P$10="hump",Parameters!$V$10*($D20/Parameters!$W$10)*EXP(1-$D20/Parameters!$W$10),0)) -> -0.36138975 | K20: =IF(Parameters!$P$11="logistic",Parameters!$Q$11*Parameters!$R$11*((1/(1+EXP(-($D20-Parameters!$T$11)/Parameters!$U$11)))-(1/(1+EXP(Parameters!$T$11/Parameters!$U$11))))/(1-(1/(1+EXP(Parameters!$T$11/Parameters!$U$11)))),Parameters!$Q$11*Parameters!$R$11*(1-EXP(-Parameters!$S$11*$D20))+IF(Parameters!$P$11="hump",Parameters!$V$11*($D20/Parameters!$W$11)*EXP(1-$D20/Parameters!$W$11),0)) -> -0.56879536 | L20: =IF(Parameters!$P$12="logistic",Parameters!$Q$12*Parameters!$R$12*((1/(1+EXP(-($D20-Parameters!$T$12)/Parameters!$U$12)))-(1/(1+EXP(Parameters!$T$12/Parameters!$U$12))))/(1-(1/(1+EXP(Parameters!$T$12/Parameters!$U$12)))),Parameters!$Q$12*Parameters!$R$12*(1-EXP(-Parameters!$S$12*$D20))+IF(Parameters!$P$12="hump",Parameters!$V$12*($D20/Parameters!$W$12)*EXP(1-$D20/Parameters!$W$12),0)) -> -0.47174926 | M20: =IF(Parameters!$P$13="logistic",Parameters!$Q$13*Parameters!$R$13*((1/(1+EXP(-($D20-Parameters!$T$13)/Parameters!$U$13)))-(1/(1+EXP(Parameters!$T$13/Parameters!$U$13))))/(1-(1/(1+EXP(Parameters!$T$13/Parameters!$U$13)))),Parameters!$Q$13*Parameters!$R$13*(1-EXP(-Parameters!$S$13*$D20))+IF(Parameters!$P$13="hump",Parameters!$V$13*($D20/Parameters!$W$13)*EXP(1-$D20/Parameters!$W$13),0)) -> -0.34043397 | N20: =IF(Parameters!$P$14="logistic",Parameters!$Q$14*Parameters!$R$14*((1/(1+EXP(-($D20-Parameters!$T$14)/Parameters!$U$14)))-(1/(1+EXP(Parameters!$T$14/Parameters!$U$14))))/(1-(1/(1+EXP(Parameters!$T$14/Parameters!$U$14)))),Parameters!$Q$14*Parameters!$R$14*(1-EXP(-Parameters!$S$14*$D20))+IF(Parameters!$P$14="hump",Parameters!$V$14*($D20/Parameters!$W$14)*EXP(1-$D20/Parameters!$W$14),0)) -> 0.51463556 | O20: =IF(Parameters!$P$15="logistic",Parameters!$Q$15*Parameters!$R$15*((1/(1+EXP(-($D20-Parameters!$T$15)/Parameters!$U$15)))-(1/(1+EXP(Parameters!$T$15/Parameters!$U$15))))/(1-(1/(1+EXP(Parameters!$T$15/Parameters!$U$15)))),Parameters!$Q$15*Parameters!$R$15*(1-EXP(-Parameters!$S$15*$D20))+IF(Parameters!$P$15="hump",Parameters!$V$15*($D20/Parameters!$W$15)*EXP(1-$D20/Parameters!$W$15),0)) -> -0.12865889
A21: =B21&"|"&C21 -> Very high|high | B21: Very high | C21: high | D21: =Severity_Classes!$E$9 -> 0.85 | E21: =IF(Parameters!$P$4="logistic",Parameters!$Q$4*Parameters!$R$4*((1/(1+EXP(-($D21-Parameters!$T$4)/Parameters!$U$4)))-(1/(1+EXP(Parameters!$T$4/Parameters!$U$4))))/(1-(1/(1+EXP(Parameters!$T$4/Parameters!$U$4)))),Parameters!$Q$4*Parameters!$R$4*(1-EXP(-Parameters!$S$4*$D21))+IF(Parameters!$P$4="hump",Parameters!$V$4*($D21/Parameters!$W$4)*EXP(1-$D21/Parameters!$W$4),0)) -> -0.295172 | F21: =IF(Parameters!$P$5="logistic",Parameters!$Q$5*Parameters!$R$5*((1/(1+EXP(-($D21-Parameters!$T$5)/Parameters!$U$5)))-(1/(1+EXP(Parameters!$T$5/Parameters!$U$5))))/(1-(1/(1+EXP(Parameters!$T$5/Parameters!$U$5)))),Parameters!$Q$5*Parameters!$R$5*(1-EXP(-Parameters!$S$5*$D21))+IF(Parameters!$P$5="hump",Parameters!$V$5*($D21/Parameters!$W$5)*EXP(1-$D21/Parameters!$W$5),0)) -> -0.69752368 | G21: =IF(Parameters!$P$6="logistic",Parameters!$Q$6*Parameters!$R$6*((1/(1+EXP(-($D21-Parameters!$T$6)/Parameters!$U$6)))-(1/(1+EXP(Parameters!$T$6/Parameters!$U$6))))/(1-(1/(1+EXP(Parameters!$T$6/Parameters!$U$6)))),Parameters!$Q$6*Parameters!$R$6*(1-EXP(-Parameters!$S$6*$D21))+IF(Parameters!$P$6="hump",Parameters!$V$6*($D21/Parameters!$W$6)*EXP(1-$D21/Parameters!$W$6),0)) -> -0.73218442 | H21: =IF(Parameters!$P$7="logistic",Parameters!$Q$7*Parameters!$R$7*((1/(1+EXP(-($D21-Parameters!$T$7)/Parameters!$U$7)))-(1/(1+EXP(Parameters!$T$7/Parameters!$U$7))))/(1-(1/(1+EXP(Parameters!$T$7/Parameters!$U$7)))),Parameters!$Q$7*Parameters!$R$7*(1-EXP(-Parameters!$S$7*$D21))+IF(Parameters!$P$7="hump",Parameters!$V$7*($D21/Parameters!$W$7)*EXP(1-$D21/Parameters!$W$7),0)) -> -0.59924692 | I21: =IF(Parameters!$P$9="logistic",Parameters!$Q$9*Parameters!$R$9*((1/(1+EXP(-($D21-Parameters!$T$9)/Parameters!$U$9)))-(1/(1+EXP(Parameters!$T$9/Parameters!$U$9))))/(1-(1/(1+EXP(Parameters!$T$9/Parameters!$U$9)))),Parameters!$Q$9*Parameters!$R$9*(1-EXP(-Parameters!$S$9*$D21))+IF(Parameters!$P$9="hump",Parameters!$V$9*($D21/Parameters!$W$9)*EXP(1-$D21/Parameters!$W$9),0)) -> 0.28998802 | J21: =IF(Parameters!$P$10="logistic",Parameters!$Q$10*Parameters!$R$10*((1/(1+EXP(-($D21-Parameters!$T$10)/Parameters!$U$10)))-(1/(1+EXP(Parameters!$T$10/Parameters!$U$10))))/(1-(1/(1+EXP(Parameters!$T$10/Parameters!$U$10)))),Parameters!$Q$10*Parameters!$R$10*(1-EXP(-Parameters!$S$10*$D21))+IF(Parameters!$P$10="hump",Parameters!$V$10*($D21/Parameters!$W$10)*EXP(1-$D21/Parameters!$W$10),0)) -> -0.39625516 | K21: =IF(Parameters!$P$11="logistic",Parameters!$Q$11*Parameters!$R$11*((1/(1+EXP(-($D21-Parameters!$T$11)/Parameters!$U$11)))-(1/(1+EXP(Parameters!$T$11/Parameters!$U$11))))/(1-(1/(1+EXP(Parameters!$T$11/Parameters!$U$11)))),Parameters!$Q$11*Parameters!$R$11*(1-EXP(-Parameters!$S$11*$D21))+IF(Parameters!$P$11="hump",Parameters!$V$11*($D21/Parameters!$W$11)*EXP(1-$D21/Parameters!$W$11),0)) -> -0.60718141 | L21: =IF(Parameters!$P$12="logistic",Parameters!$Q$12*Parameters!$R$12*((1/(1+EXP(-($D21-Parameters!$T$12)/Parameters!$U$12)))-(1/(1+EXP(Parameters!$T$12/Parameters!$U$12))))/(1-(1/(1+EXP(Parameters!$T$12/Parameters!$U$12)))),Parameters!$Q$12*Parameters!$R$12*(1-EXP(-Parameters!$S$12*$D21))+IF(Parameters!$P$12="hump",Parameters!$V$12*($D21/Parameters!$W$12)*EXP(1-$D21/Parameters!$W$12),0)) -> -0.50705508 | M21: =IF(Parameters!$P$13="logistic",Parameters!$Q$13*Parameters!$R$13*((1/(1+EXP(-($D21-Parameters!$T$13)/Parameters!$U$13)))-(1/(1+EXP(Parameters!$T$13/Parameters!$U$13))))/(1-(1/(1+EXP(Parameters!$T$13/Parameters!$U$13)))),Parameters!$Q$13*Parameters!$R$13*(1-EXP(-Parameters!$S$13*$D21))+IF(Parameters!$P$13="hump",Parameters!$V$13*($D21/Parameters!$W$13)*EXP(1-$D21/Parameters!$W$13),0)) -> -0.36829721 | N21: =IF(Parameters!$P$14="logistic",Parameters!$Q$14*Parameters!$R$14*((1/(1+EXP(-($D21-Parameters!$T$14)/Parameters!$U$14)))-(1/(1+EXP(Parameters!$T$14/Parameters!$U$14))))/(1-(1/(1+EXP(Parameters!$T$14/Parameters!$U$14)))),Parameters!$Q$14*Parameters!$R$14*(1-EXP(-Parameters!$S$14*$D21))+IF(Parameters!$P$14="hump",Parameters!$V$14*($D21/Parameters!$W$14)*EXP(1-$D21/Parameters!$W$14),0)) -> 0.553151 | O21: =IF(Parameters!$P$15="logistic",Parameters!$Q$15*Parameters!$R$15*((1/(1+EXP(-($D21-Parameters!$T$15)/Parameters!$U$15)))-(1/(1+EXP(Parameters!$T$15/Parameters!$U$15))))/(1-(1/(1+EXP(Parameters!$T$15/Parameters!$U$15)))),Parameters!$Q$15*Parameters!$R$15*(1-EXP(-Parameters!$S$15*$D21))+IF(Parameters!$P$15="hump",Parameters!$V$15*($D21/Parameters!$W$15)*EXP(1-$D21/Parameters!$W$15),0)) -> -0.13828775

Sheet Weather
A1: Date | B1: Tmax (C) | C1: Tmin (C) | D1: Rainfall (mm) | E1: RH I morning (%) | F1: RH II afternoon (%) | G1: Sunshine (h) | H1: GDD (base Tbase) | I1: Mean T (C) | J1: Mean RH (%) | K1: Leaf-WR favourable (1/0) | L1: Staghead favourable (1/0)
A2: 45961 | B2: 28.8 | C2: 20.2 | D2: 0 | E2: 94 | F2: 64 | G2: 0 | H2: =MAX(0,(B2+C2)/2-Inputs_General!$C$4) -> 19.5 | I2: =(B2+C2)/2 -> 24.5 | J2: =(E2+F2)/2 -> 79 | K2: =IF(AND(F2>40,E2>97,B2>=16,B2<=24,J2>72,I2>10),1,0) -> 0 | L2: =IF(AND(B2>=20,B2<=29,C2>12,E2>97,J2>72),1,0) -> 0
A3: 45962 | B3: 30 | C3: 18.5 | D3: 0 | E3: 92 | F3: 63 | G3: 1.7 | H3: =MAX(0,(B3+C3)/2-Inputs_General!$C$4) -> 19.25 | I3: =(B3+C3)/2 -> 24.25 | J3: =(E3+F3)/2 -> 77.5 | K3: =IF(AND(F3>40,E3>97,B3>=16,B3<=24,J3>72,I3>10),1,0) -> 0 | L3: =IF(AND(B3>=20,B3<=29,C3>12,E3>97,J3>72),1,0) -> 0
A4: 45963 | B4: 30.9 | C4: 17 | D4: 0 | E4: 94 | F4: 66 | G4: 0.6 | H4: =MAX(0,(B4+C4)/2-Inputs_General!$C$4) -> 18.95 | I4: =(B4+C4)/2 -> 23.95 | J4: =(E4+F4)/2 -> 80 | K4: =IF(AND(F4>40,E4>97,B4>=16,B4<=24,J4>72,I4>10),1,0) -> 0 | L4: =IF(AND(B4>=20,B4<=29,C4>12,E4>97,J4>72),1,0) -> 0
A5: 45964 | B5: 29.6 | C5: 16.2 | D5: 0 | E5: 90 | F5: 47 | G5: 6.2 | H5: =MAX(0,(B5+C5)/2-Inputs_General!$C$4) -> 17.9 | I5: =(B5+C5)/2 -> 22.9 | J5: =(E5+F5)/2 -> 68.5 | K5: =IF(AND(F5>40,E5>97,B5>=16,B5<=24,J5>72,I5>10),1,0) -> 0 | L5: =IF(AND(B5>=20,B5<=29,C5>12,E5>97,J5>72),1,0) -> 0
A6: 45965 | B6: 30.5 | C6: 15 | D6: 0 | E6: 88 | F6: 46 | G6: 6.9 | H6: =MAX(0,(B6+C6)/2-Inputs_General!$C$4) -> 17.75 | I6: =(B6+C6)/2 -> 22.75 | J6: =(E6+F6)/2 -> 67 | K6: =IF(AND(F6>40,E6>97,B6>=16,B6<=24,J6>72,I6>10),1,0) -> 0 | L6: =IF(AND(B6>=20,B6<=29,C6>12,E6>97,J6>72),1,0) -> 0
A7: 45966 | B7: 31 | C7: 16.3 | D7: 0 | E7: 86 | F7: 44 | G7: 7.1 | H7: =MAX(0,(B7+C7)/2-Inputs_General!$C$4) -> 18.65 | I7: =(B7+C7)/2 -> 23.65 | J7: =(E7+F7)/2 -> 65 | K7: =IF(AND(F7>40,E7>97,B7>=16,B7<=24,J7>72,I7>10),1,0) -> 0 | L7: =IF(AND(B7>=20,B7<=29,C7>12,E7>97,J7>72),1,0) -> 0
A8: 45967 | B8: 29 | C8: 13.5 | D8: 0 | E8: 83 | F8: 35 | G8: 7.5 | H8: =MAX(0,(B8+C8)/2-Inputs_General!$C$4) -> 16.25 | I8: =(B8+C8)/2 -> 21.25 | J8: =(E8+F8)/2 -> 59 | K8: =IF(AND(F8>40,E8>97,B8>=16,B8<=24,J8>72,I8>10),1,0) -> 0 | L8: =IF(AND(B8>=20,B8<=29,C8>12,E8>97,J8>72),1,0) -> 0
A9: 45968 | B9: 26.4 | C9: 12.7 | D9: 0 | E9: 65 | F9: 32 | G9: 8.1 | H9: =MAX(0,(B9+C9)/2-Inputs_General!$C$4) -> 14.55 | I9: =(B9+C9)/2 -> 19.55 | J9: =(E9+F9)/2 -> 48.5 | K9: =IF(AND(F9>40,E9>97,B9>=16,B9<=24,J9>72,I9>10),1,0) -> 0 | L9: =IF(AND(B9>=20,B9<=29,C9>12,E9>97,J9>72),1,0) -> 0
A10: 45969 | B10: 27.8 | C10: 10 | D10: 0 | E10: 84 | F10: 37 | G10: 8.4 | H10: =MAX(0,(B10+C10)/2-Inputs_General!$C$4) -> 13.9 | I10: =(B10+C10)/2 -> 18.9 | J10: =(E10+F10)/2 -> 60.5 | K10: =IF(AND(F10>40,E10>97,B10>=16,B10<=24,J10>72,I10>10),1,0) -> 0 | L10: =IF(AND(B10>=20,B10<=29,C10>12,E10>97,J10>72),1,0) -> 0
A11: 45970 | B11: 26.6 | C11: 9.2 | D11: 0 | E11: 84 | F11: 30 | G11: 6.5 | H11: =MAX(0,(B11+C11)/2-Inputs_General!$C$4) -> 12.9 | I11: =(B11+C11)/2 -> 17.9 | J11: =(E11+F11)/2 -> 57 | K11: =IF(AND(F11>40,E11>97,B11>=16,B11<=24,J11>72,I11>10),1,0) -> 0 | L11: =IF(AND(B11>=20,B11<=29,C11>12,E11>97,J11>72),1,0) -> 0
A12: 45971 | B12: 27.2 | C12: 9.1 | D12: 0 | E12: 95 | F12: 33 | G12: 7.2 | H12: =MAX(0,(B12+C12)/2-Inputs_General!$C$4) -> 13.15 | I12: =(B12+C12)/2 -> 18.15 | J12: =(E12+F12)/2 -> 64 | K12: =IF(AND(F12>40,E12>97,B12>=16,B12<=24,J12>72,I12>10),1,0) -> 0 | L12: =IF(AND(B12>=20,B12<=29,C12>12,E12>97,J12>72),1,0) -> 0
A13: 45972 | B13: 26.9 | C13: 9.1 | D13: 0 | E13: 95 | F13: 26 | G13: 5.4 | H13: =MAX(0,(B13+C13)/2-Inputs_General!$C$4) -> 13 | I13: =(B13+C13)/2 -> 18 | J13: =(E13+F13)/2 -> 60.5 | K13: =IF(AND(F13>40,E13>97,B13>=16,B13<=24,J13>72,I13>10),1,0) -> 0 | L13: =IF(AND(B13>=20,B13<=29,C13>12,E13>97,J13>72),1,0) -> 0
... A159: 46118 | B159: 31.6 | C159: 16.8 | D159: 0 | E159: 82 | F159: 28 | G159: 8.7 | H159: =MAX(0,(B159+C159)/2-Inputs_General!$C$4) -> 19.2 | I159: =(B159+C159)/2 -> 24.2 | J159: =(E159+F159)/2 -> 55 | K159: =IF(AND(F159>40,E159>97,B159>=16,B159<=24,J159>72,I159>10),1,0) -> 0 | L159: =IF(AND(B159>=20,B159<=29,C159>12,E159>97,J159>72),1,0) -> 0

Sheet Context
A1: TREATMENT x DATE CONTEXT (formulas; Stage column is your field observation)
A3: Key | B3: Treatment | C3: Sowing | D3: Variety | E3: Date code | F3: Date | G3: Sowing date | H3: DAS | I3: DAI | J3: GDD from sowing | K3: GDD from emergence | L3: Stage (obs.) | M3: Leaf sampled | N3: Tmax wk | O3: Tmin wk | P3: RH I wk | Q3: RH II wk | R3: Heat index h | S3: T at IRGA | T3: RH at IRGA | U3: VPD at IRGA (kPa) | V3: Ta at flight | W3: RH at flight | X3: VPD at flight (kPa) | Y3: Twet (C) | Z3: Tdry (C) | AA3: Healthy CWSI | AB3: Healthy LAI | AC3: Anth cold factor | AD3: Tolerance factor | AE3: Leaf-favourable days from 36 DAS | AF3: Expected DI (%) | AG3: Expected class | AH3: Expected class index | AI3: Plausibility: Healthy | AJ3: Plausibility: Very low | AK3: Plausibility: Low | AL3: Plausibility: Moderate | AM3: Plausibility: High | AN3: Plausibility: Very high
A4: =B4&"|"&E4 -> D1V1|11/02/2026 | B4: D1V1 | C4: D1 | D4: V1 | E4: 11/02/2026 | F4: =Inputs_Treatments!$B$19 -> 46064 | G4: =Inputs_Treatments!$B$4 -> 46000 | H4: =F4-G4 -> 64 | I4: =F4-Inputs_General!$C$6 -> 6 | J4: =SUMIFS(Weather!$H$2:$H$159,Weather!$A$2:$A$159,">="&G4,Weather!$A$2:$A$159,"<="&F4) -> 572.3 | K4: =J4-Inputs_General!$C$5 -> 462.3 | L4: F | M4: =IF(L4="V","3rd fully expanded leaf from top","5th fully expanded leaf from top") -> 5th fully expanded leaf from top | N4: =AVERAGEIFS(Weather!$B$2:$B$159,Weather!$A$2:$A$159,">="&(F4-6),Weather!$A$2:$A$159,"<="&F4) -> 24.142857 | O4: =AVERAGEIFS(Weather!$C$2:$C$159,Weather!$A$2:$A$159,">="&(F4-6),Weather!$A$2:$A$159,"<="&F4) -> 8.9714286 | P4: =AVERAGEIFS(Weather!$E$2:$E$159,Weather!$A$2:$A$159,">="&(F4-6),Weather!$A$2:$A$159,"<="&F4) -> 94.142857 | Q4: =AVERAGEIFS(Weather!$F$2:$F$159,Weather!$A$2:$A$159,">="&(F4-6),Weather!$A$2:$A$159,"<="&F4) -> 49 | R4: =MAX(0,(N4-Inputs_General!$C$7)/Inputs_General!$C$8) -> 0 | S4: =O4+Inputs_General!$C$9*(N4-O4) -> 21.108571 | T4: =Q4+Inputs_General!$C$10*(P4-Q4) -> 62.542857 | U4: =0.6108*EXP(17.27*S4/(S4+237.3))*(1-T4/100) -> 0.93779182 | V4: =O4+Inputs_General!$C$11*(N4-O4) -> 22.625714 | W4: =Q4+Inputs_General!$C$12*(P4-Q4) -> 55.771429 | X4: =0.6108*EXP(17.27*V4/(V4+237.3))*(1-W4/100) -> 1.2147207 | Y4: =V4+Inputs_General!$C$14-Inputs_General!$C$15*X4 -> 21.317745 | Z4: =V4+Inputs_General!$C$16 -> 26.625714 | AA4: =IF(L4="V",Inputs_General!$C$17,IF(L4="F",Inputs_General!$C$18,Inputs_General!$C$19))+Inputs_General!$C$20*R4 -> 0.2 | AB4: =Inputs_Treatments!$C$4*Inputs_Treatments!$F$12*(1/(1+EXP(-(K4-Inputs_General!$C$27)/Inputs_General!$C$28)))*EXP(-((MAX(0,K4-Inputs_General!$C$29)/Inputs_General!$C$30)^2)) -> 2.5506677 | AC4: =Inputs_Treatments!$E$4 -> 1 | AD4: =Inputs_Treatments!$D$12 -> 1 | AE4: =COUNTIFS(Weather!$K$2:$K$159,1,Weather!$A$2:$A$159,">="&(G4+36),Weather!$A$2:$A$159,"<="&F4) -> 7 | AF4: =Inputs_Treatments!$C$19*Inputs_Treatments!$E$12*Inputs_Treatments!$D$4 -> 2.4 | AG4: =IF(AF4<=0,"Healthy",IF(AF4<=5,"Very low",IF(AF4<=10,"Low",IF(AF4<=25,"Moderate",IF(AF4<=50,"High","Very high"))))) -> Very low | AH4: =MATCH(AG4,Severity_Classes!$A$4:$A$9,0) -> 2 | AI4: ="Reference: healthy (uninoculated) control plot" -> Reference: healthy (uninoculated) control plot | AJ4: =IF(AND(I4<8,2>=4),"Unlikely (only via pre-inoculation natural infection)",IF(ABS(2-AH4)<=1,"Likely",IF(ABS(2-AH4)=2,"Possible","Unlikely"))) -> Likely | AK4: =IF(AND(I4<8,3>=4),"Unlikely (only via pre-inoculation natural infection)",IF(ABS(3-AH4)<=1,"Likely",IF(ABS(3-AH4)=2,"Possible","Unlikely"))) -> Likely | AL4: =IF(AND(I4<8,4>=4),"Unlikely (only via pre-inoculation natural infection)",IF(ABS(4-AH4)<=1,"Likely",IF(ABS(4-AH4)=2,"Possible","Unlikely"))) -> Unlikely (only via pre-inoculation natural infection) | AM4: =IF(AND(I4<8,5>=4),"Unlikely (only via pre-inoculation natural infection)",IF(ABS(5-AH4)<=1,"Likely",IF(ABS(5-AH4)=2,"Possible","Unlikely"))) -> Unlikely (only via pre-inoculation natural infection) | AN4: =IF(AND(I4<8,6>=4),"Unlikely (only via pre-inoculation natural infection)",IF(ABS(6-AH4)<=1,"Likely",IF(ABS(6-AH4)=2,"Possible","Unlikely"))) -> Unlikely (only via pre-inoculation natural infection)
A5: =B5&"|"&E5 -> D1V1|24/02/2026 | B5: D1V1 | C5: D1 | D5: V1 | E5: 24/02/2026 | F5: =Inputs_Treatments!$B$20 -> 46077 | G5: =Inputs_Treatments!$B$4 -> 46000 | H5: =F5-G5 -> 77 | I5: =F5-Inputs_General!$C$6 -> 19 | J5: =SUMIFS(Weather!$H$2:$H$159,Weather!$A$2:$A$159,">="&G5,Weather!$A$2:$A$159,"<="&F5) -> 747.2 | K5: =J5-Inputs_General!$C$5 -> 637.2 | L5: F | M5: =IF(L5="V","3rd fully expanded leaf from top","5th fully expanded leaf from top") -> 5th fully expanded leaf from top | N5: =AVERAGEIFS(Weather!$B$2:$B$159,Weather!$A$2:$A$159,">="&(F5-6),Weather!$A$2:$A$159,"<="&F5) -> 27.185714 | O5: =AVERAGEIFS(Weather!$C$2:$C$159,Weather!$A$2:$A$159,">="&(F5-6),Weather!$A$2:$A$159,"<="&F5) -> 11.114286 | P5: =AVERAGEIFS(Weather!$E$2:$E$159,Weather!$A$2:$A$159,">="&(F5-6),Weather!$A$2:$A$159,"<="&F5) -> 94.285714 | Q5: =AVERAGEIFS(Weather!$F$2:$F$159,Weather!$A$2:$A$159,">="&(F5-6),Weather!$A$2:$A$159,"<="&F5) -> 45.142857 | R5: =MAX(0,(N5-Inputs_General!$C$7)/Inputs_General!$C$8) -> 0.023214286 | S5: =O5+Inputs_General!$C$9*(N5-O5) -> 23.971429 | T5: =Q5+Inputs_General!$C$10*(P5-Q5) -> 59.885714 | U5: =0.6108*EXP(17.27*S5/(S5+237.3))*(1-T5/100) -> 1.194926 | V5: =O5+Inputs_General!$C$11*(N5-O5) -> 25.578571 | W5: =Q5+Inputs_General!$C$12*(P5-Q5) -> 52.514286 | X5: =0.6108*EXP(17.27*V5/(V5+237.3))*(1-W5/100) -> 1.5568678 | Y5: =V5+Inputs_General!$C$14-Inputs_General!$C$15*X5 -> 23.620523 | Z5: =V5+Inputs_General!$C$16 -> 29.578571 | AA5: =IF(L5="V",Inputs_General!$C$17,IF(L5="F",Inputs_General!$C$18,Inputs_General!$C$19))+Inputs_General!$C$20*R5 -> 0.20116071 | AB5: =Inputs_Treatments!$C$4*Inputs_Treatments!$F$12*(1/(1+EXP(-(K5-Inputs_General!$C$27)/Inputs_General!$C$28)))*EXP(-((MAX(0,K5-Inputs_General!$C$29)/Inputs_General!$C$30)^2)) -> 3.0869849 | AC5: =Inputs_Treatments!$F$4 -> 1 | AD5: =Inputs_Treatments!$D$12 -> 1 | AE5: =COUNTIFS(Weather!$K$2:$K$159,1,Weather!$A$2:$A$159,">="&(G5+36),Weather!$A$2:$A$159,"<="&F5) -> 7 | AF5: =Inputs_Treatments!$C$20*Inputs_Treatments!$E$12*Inputs_Treatments!$D$4 -> 14.4 | AG5: =IF(AF5<=0,"Healthy",IF(AF5<=5,"Very low",IF(AF5<=10,"Low",IF(AF5<=25,"Moderate",IF(AF5<=50,"High","Very high"))))) -> Moderate | AH5: =MATCH(AG5,Severity_Classes!$A$4:$A$9,0) -> 4 | AI5: ="Reference: healthy (uninoculated) control plot" -> Reference: healthy (uninoculated) control plot | AJ5: =IF(AND(I5<8,2>=4),"Unlikely (only via pre-inoculation natural infection)",IF(ABS(2-AH5)<=1,"Likely",IF(ABS(2-AH5)=2,"Possible","Unlikely"))) -> Possible | AK5: =IF(AND(I5<8,3>=4),"Unlikely (only via pre-inoculation natural infection)",IF(ABS(3-AH5)<=1,"Likely",IF(ABS(3-AH5)=2,"Possible","Unlikely"))) -> Likely | AL5: =IF(AND(I5<8,4>=4),"Unlikely (only via pre-inoculation natural infection)",IF(ABS(4-AH5)<=1,"Likely",IF(ABS(4-AH5)=2,"Possible","Unlikely"))) -> Likely | AM5: =IF(AND(I5<8,5>=4),"Unlikely (only via pre-inoculation natural infection)",IF(ABS(5-AH5)<=1,"Likely",IF(ABS(5-AH5)=2,"Possible","Unlikely"))) -> Likely | AN5: =IF(AND(I5<8,6>=4),"Unlikely (only via pre-inoculation natural infection)",IF(ABS(6-AH5)<=1,"Likely",IF(ABS(6-AH5)=2,"Possible","Unlikely"))) -> Possible
A6: =B6&"|"&E6 -> D1V1|03/03/2026 | B6: D1V1 | C6: D1 | D6: V1 | E6: 03/03/2026 | F6: =Inputs_Treatments!$B$21 -> 46084 | G6: =Inputs_Treatments!$B$4 -> 46000 | H6: =F6-G6 -> 84 | I6: =F6-Inputs_General!$C$6 -> 26 | J6: =SUMIFS(Weather!$H$2:$H$159,Weather!$A$2:$A$159,">="&G6,Weather!$A$2:$A$159,"<="&F6) -> 860.7 | K6: =J6-Inputs_General!$C$5 -> 750.7 | L6: P | M6: =IF(L6="V","3rd fully expanded leaf from top","5th fully expanded leaf from top") -> 5th fully expanded leaf from top | N6: =AVERAGEIFS(Weather!$B$2:$B$159,Weather!$A$2:$A$159,">="&(F6-6),Weather!$A$2:$A$159,"<="&F6) -> 30.471429 | O6: =AVERAGEIFS(Weather!$C$2:$C$159,Weather!$A$2:$A$159,">="&(F6-6),Weather!$A$2:$A$159,"<="&F6) -> 11.957143 | P6: =AVERAGEIFS(Weather!$E$2:$E$159,Weather!$A$2:$A$159,">="&(F6-6),Weather!$A$2:$A$159,"<="&F6) -> 90.142857 | Q6: =AVERAGEIFS(Weather!$F$2:$F$159,Weather!$A$2:$A$159,">="&(F6-6),Weather!$A$2:$A$159,"<="&F6) -> 33.571429 | R6: =MAX(0,(N6-Inputs_General!$C$7)/Inputs_General!$C$8) -> 0.43392857 | S6: =O6+Inputs_General!$C$9*(N6-O6) -> 26.768571 | T6: =Q6+Inputs_General!$C$10*(P6-Q6) -> 50.542857 | U6: =0.6108*EXP(17.27*S6/(S6+237.3))*(1-T6/100) -> 1.7395155 | V6: =O6+Inputs_General!$C$11*(N6-O6) -> 28.62 | W6: =Q6+Inputs_General!$C$12*(P6-Q6) -> 42.057143 | X6: =0.6108*EXP(17.27*V6/(V6+237.3))*(1-W6/100) -> 2.2705192 | Y6: =V6+Inputs_General!$C$14-Inputs_General!$C$15*X6 -> 25.306013 | Z6: =V6+Inputs_General!$C$16 -> 32.62 | AA6: =IF(L6="V",Inputs_General!$C$17,IF(L6="F",Inputs_General!$C$18,Inputs_General!$C$19))+Inputs_General!$C$20*R6 -> 0.32169643 | AB6: =Inputs_Treatments!$C$4*Inputs_Treatments!$F$12*(1/(1+EXP(-(K6-Inputs_General!$C$27)/Inputs_General!$C$28)))*EXP(-((MAX(0,K6-Inputs_General!$C$29)/Inputs_General!$C$30)^2)) -> 3.1826079 | AC6: =Inputs_Treatments!$G$4 -> 1 | AD6: =Inputs_Treatments!$D$12 -> 1 | AE6: =COUNTIFS(Weather!$K$2:$K$159,1,Weather!$A$2:$A$159,">="&(G6+36),Weather!$A$2:$A$159,"<="&F6) -> 7 | AF6: =Inputs_Treatments!$C$21*Inputs_Treatments!$E$12*Inputs_Treatments!$D$4 -> 22.4 | AG6: =IF(AF6<=0,"Healthy",IF(AF6<=5,"Very low",IF(AF6<=10,"Low",IF(AF6<=25,"Moderate",IF(AF6<=50,"High","Very high"))))) -> Moderate | AH6: =MATCH(AG6,Severity_Classes!$A$4:$A$9,0) -> 4 | AI6: ="Reference: healthy (uninoculated) control plot" -> Reference: healthy (uninoculated) control plot | AJ6: =IF(AND(I6<8,2>=4),"Unlikely (only via pre-inoculation natural infection)",IF(ABS(2-AH6)<=1,"Likely",IF(ABS(2-AH6)=2,"Possible","Unlikely"))) -> Possible | AK6: =IF(AND(I6<8,3>=4),"Unlikely (only via pre-inoculation natural infection)",IF(ABS(3-AH6)<=1,"Likely",IF(ABS(3-AH6)=2,"Possible","Unlikely"))) -> Likely | AL6: =IF(AND(I6<8,4>=4),"Unlikely (only via pre-inoculation natural infection)",IF(ABS(4-AH6)<=1,"Likely",IF(ABS(4-AH6)=2,"Possible","Unlikely"))) -> Likely | AM6: =IF(AND(I6<8,5>=4),"Unlikely (only via pre-inoculation natural infection)",IF(ABS(5-AH6)<=1,"Likely",IF(ABS(5-AH6)=2,"Possible","Unlikely"))) -> Likely | AN6: =IF(AND(I6<8,6>=4),"Unlikely (only via pre-inoculation natural infection)",IF(ABS(6-AH6)<=1,"Likely",IF(ABS(6-AH6)=2,"Possible","Unlikely"))) -> Possible
A7: =B7&"|"&E7 -> D1V1|13/03/2026 | B7: D1V1 | C7: D1 | D7: V1 | E7: 13/03/2026 | F7: =Inputs_Treatments!$B$22 -> 46094 | G7: =Inputs_Treatments!$B$4 -> 46000 | H7: =F7-G7 -> 94 | I7: =F7-Inputs_General!$C$6 -> 36 | J7: =SUMIFS(Weather!$H$2:$H$159,Weather!$A$2:$A$159,">="&G7,Weather!$A$2:$A$159,"<="&F7) -> 1058.7 | K7: =J7-Inputs_General!$C$5 -> 948.7 | L7: P | M7: =IF(L7="V","3rd fully expanded leaf from top","5th fully expanded leaf from top") -> 5th fully expanded leaf from top | N7: =AVERAGEIFS(Weather!$B$2:$B$159,Weather!$A$2:$A$159,">="&(F7-6),Weather!$A$2:$A$159,"<="&F7) -> 34.628571 | O7: =AVERAGEIFS(Weather!$C$2:$C$159,Weather!$A$2:$A$159,">="&(F7-6),Weather!$A$2:$A$159,"<="&F7) -> 16.214286 | P7: =AVERAGEIFS(Weather!$E$2:$E$159,Weather!$A$2:$A$159,">="&(F7-6),Weather!$A$2:$A$159,"<="&F7) -> 90.714286 | Q7: =AVERAGEIFS(Weather!$F$2:$F$159,Weather!$A$2:$A$159,">="&(F7-6),Weather!$A$2:$A$159,"<="&F7) -> 34.142857 | R7: =MAX(0,(N7-Inputs_General!$C$7)/Inputs_General!$C$8) -> 0.95357143 | S7: =O7+Inputs_General!$C$9*(N7-O7) -> 30.945714 | T7: =Q7+Inputs_General!$C$10*(P7-Q7) -> 51.114286 | U7: =0.6108*EXP(17.27*S7/(S7+237.3))*(1-T7/100) -> 2.1894574 | V7: =O7+Inputs_General!$C$11*(N7-O7) -> 32.787143 | W7: =Q7+Inputs_General!$C$12*(P7-Q7) -> 42.628571 | X7: =0.6108*EXP(17.27*V7/(V7+237.3))*(1-W7/100) -> 2.8515899 | Y7: =V7+Inputs_General!$C$14-Inputs_General!$C$15*X7 -> 28.369122 | Z7: =V7+Inputs_General!$C$16 -> 36.787143 | AA7: =IF(L7="V",Inputs_General!$C$17,IF(L7="F",Inputs_General!$C$18,Inputs_General!$C$19))+Inputs_General!$C$20*R7 -> 0.34767857 | AB7: =Inputs_Treatments!$C$4*Inputs_Treatments!$F$12*(1/(1+EXP(-(K7-Inputs_General!$C$27)/Inputs_General!$C$28)))*EXP(-((MAX(0,K7-Inputs_General!$C$29)/Inputs_General!$C$30)^2)) -> 2.5212198 | AC7: =Inputs_Treatments!$H$4 -> 1 | AD7: =Inputs_Treatments!$D$12 -> 1 | AE7: =COUNTIFS(Weather!$K$2:$K$159,1,Weather!$A$2:$A$159,">="&(G7+36),Weather!$A$2:$A$159,"<="&F7) -> 7 | AF7: =Inputs_Treatments!$C$22*Inputs_Treatments!$E$12*Inputs_Treatments!$D$4 -> 28 | AG7: =IF(AF7<=0,"Healthy",IF(AF7<=5,"Very low",IF(AF7<=10,"Low",IF(AF7<=25,"Moderate",IF(AF7<=50,"High","Very high"))))) -> High | AH7: =MATCH(AG7,Severity_Classes!$A$4:$A$9,0) -> 5 | AI7: ="Reference: healthy (uninoculated) control plot" -> Reference: healthy (uninoculated) control plot | AJ7: =IF(AND(I7<8,2>=4),"Unlikely (only via pre-inoculation natural infection)",IF(ABS(2-AH7)<=1,"Likely",IF(ABS(2-AH7)=2,"Possible","Unlikely"))) -> Unlikely | AK7: =IF(AND(I7<8,3>=4),"Unlikely (only via pre-inoculation natural infection)",IF(ABS(3-AH7)<=1,"Likely",IF(ABS(3-AH7)=2,"Possible","Unlikely"))) -> Possible | AL7: =IF(AND(I7<8,4>=4),"Unlikely (only via pre-inoculation natural infection)",IF(ABS(4-AH7)<=1,"Likely",IF(ABS(4-AH7)=2,"Possible","Unlikely"))) -> Likely | AM7: =IF(AND(I7<8,5>=4),"Unlikely (only via pre-inoculation natural infection)",IF(ABS(5-AH7)<=1,"Likely",IF(ABS(5-AH7)=2,"Possible","Unlikely"))) -> Likely | AN7: =IF(AND(I7<8,6>=4),"Unlikely (only via pre-inoculation natural infection)",IF(ABS(6-AH7)<=1,"Likely",IF(ABS(6-AH7)=2,"Possible","Unlikely"))) -> Likely
A8: =B8&"|"&E8 -> D1V2|11/02/2026 | B8: D1V2 | C8: D1 | D8: V2 | E8: 11/02/2026 | F8: =Inputs_Treatments!$B$19 -> 46064 | G8: =Inputs_Treatments!$B$4 -> 46000 | H8: =F8-G8 -> 64 | I8: =F8-Inputs_General!$C$6 -> 6 | J8: =SUMIFS(Weather!$H$2:$H$159,Weather!$A$2:$A$159,">="&G8,Weather!$A$2:$A$159,"<="&F8) -> 572.3 | K8: =J8-Inputs_General!$C$5 -> 462.3 | L8: V | M8: =IF(L8="V","3rd fully expanded leaf from top","5th fully expanded leaf from top") -> 3rd fully expanded leaf from top | N8: =AVERAGEIFS(Weather!$B$2:$B$159,Weather!$A$2:$A$159,">="&(F8-6),Weather!$A$2:$A$159,"<="&F8) -> 24.142857 | O8: =AVERAGEIFS(Weather!$C$2:$C$159,Weather!$A$2:$A$159,">="&(F8-6),Weather!$A$2:$A$159,"<="&F8) -> 8.9714286 | P8: =AVERAGEIFS(Weather!$E$2:$E$159,Weather!$A$2:$A$159,">="&(F8-6),Weather!$A$2:$A$159,"<="&F8) -> 94.142857 | Q8: =AVERAGEIFS(Weather!$F$2:$F$159,Weather!$A$2:$A$159,">="&(F8-6),Weather!$A$2:$A$159,"<="&F8) -> 49 | R8: =MAX(0,(N8-Inputs_General!$C$7)/Inputs_General!$C$8) -> 0 | S8: =O8+Inputs_General!$C$9*(N8-O8) -> 21.108571 | T8: =Q8+Inputs_General!$C$10*(P8-Q8) -> 62.542857 | U8: =0.6108*EXP(17.27*S8/(S8+237.3))*(1-T8/100) -> 0.93779182 | V8: =O8+Inputs_General!$C$11*(N8-O8) -> 22.625714 | W8: =Q8+Inputs_General!$C$12*(P8-Q8) -> 55.771429 | X8: =0.6108*EXP(17.27*V8/(V8+237.3))*(1-W8/100) -> 1.2147207 | Y8: =V8+Inputs_General!$C$14-Inputs_General!$C$15*X8 -> 21.317745 | Z8: =V8+Inputs_General!$C$16 -> 26.625714 | AA8: =IF(L8="V",Inputs_General!$C$17,IF(L8="F",Inputs_General!$C$18,Inputs_General!$C$19))+Inputs_General!$C$20*R8 -> 0.12 | AB8: =Inputs_Treatments!$C$4*Inputs_Treatments!$F$13*(1/(1+EXP(-(K8-Inputs_General!$C$27)/Inputs_General!$C$28)))*EXP(-((MAX(0,K8-Inputs_General!$C$29)/Inputs_General!$C$30)^2)) -> 2.6849133 | AC8: =Inputs_Treatments!$E$4 -> 1 | AD8: =Inputs_Treatments!$D$13 -> 1.1 | AE8: =COUNTIFS(Weather!$K$2:$K$159,1,Weather!$A$2:$A$159,">="&(G8+36),Weather!$A$2:$A$159,"<="&F8) -> 7 | AF8: =Inputs_Treatments!$C$19*Inputs_Treatments!$E$13*Inputs_Treatments!$D$4 -> 3 | AG8: =IF(AF8<=0,"Healthy",IF(AF8<=5,"Very low",IF(AF8<=10,"Low",IF(AF8<=25,"Moderate",IF(AF8<=50,"High","Very high"))))) -> Very low | AH8: =MATCH(AG8,Severity_Classes!$A$4:$A$9,0) -> 2 | AI8: ="Reference: healthy (uninoculated) control plot" -> Reference: healthy (uninoculated) control plot | AJ8: =IF(AND(I8<8,2>=4),"Unlikely (only via pre-inoculation natural infection)",IF(ABS(2-AH8)<=1,"Likely",IF(ABS(2-AH8)=2,"Possible","Unlikely"))) -> Likely | AK8: =IF(AND(I8<8,3>=4),"Unlikely (only via pre-inoculation natural infection)",IF(ABS(3-AH8)<=1,"Likely",IF(ABS(3-AH8)=2,"Possible","Unlikely"))) -> Likely | AL8: =IF(AND(I8<8,4>=4),"Unlikely (only via pre-inoculation natural infection)",IF(ABS(4-AH8)<=1,"Likely",IF(ABS(4-AH8)=2,"Possible","Unlikely"))) -> Unlikely (only via pre-inoculation natural infection) | AM8: =IF(AND(I8<8,5>=4),"Unlikely (only via pre-inoculation natural infection)",IF(ABS(5-AH8)<=1,"Likely",IF(ABS(5-AH8)=2,"Possible","Unlikely"))) -> Unlikely (only via pre-inoculation natural infection) | AN8: =IF(AND(I8<8,6>=4),"Unlikely (only via pre-inoculation natural infection)",IF(ABS(6-AH8)<=1,"Likely",IF(ABS(6-AH8)=2,"Possible","Unlikely"))) -> Unlikely (only via pre-inoculation natural infection)
A9: =B9&"|"&E9 -> D1V2|24/02/2026 | B9: D1V2 | C9: D1 | D9: V2 | E9: 24/02/2026 | F9: =Inputs_Treatments!$B$20 -> 46077 | G9: =Inputs_Treatments!$B$4 -> 46000 | H9: =F9-G9 -> 77 | I9: =F9-Inputs_General!$C$6 -> 19 | J9: =SUMIFS(Weather!$H$2:$H$159,Weather!$A$2:$A$159,">="&G9,Weather!$A$2:$A$159,"<="&F9) -> 747.2 | K9: =J9-Inputs_General!$C$5 -> 637.2 | L9: F | M9: =IF(L9="V","3rd fully expanded leaf from top","5th fully expanded leaf from top") -> 5th fully expanded leaf from top | N9: =AVERAGEIFS(Weather!$B$2:$B$159,Weather!$A$2:$A$159,">="&(F9-6),Weather!$A$2:$A$159,"<="&F9) -> 27.185714 | O9: =AVERAGEIFS(Weather!$C$2:$C$159,Weather!$A$2:$A$159,">="&(F9-6),Weather!$A$2:$A$159,"<="&F9) -> 11.114286 | P9: =AVERAGEIFS(Weather!$E$2:$E$159,Weather!$A$2:$A$159,">="&(F9-6),Weather!$A$2:$A$159,"<="&F9) -> 94.285714 | Q9: =AVERAGEIFS(Weather!$F$2:$F$159,Weather!$A$2:$A$159,">="&(F9-6),Weather!$A$2:$A$159,"<="&F9) -> 45.142857 | R9: =MAX(0,(N9-Inputs_General!$C$7)/Inputs_General!$C$8) -> 0.023214286 | S9: =O9+Inputs_General!$C$9*(N9-O9) -> 23.971429 | T9: =Q9+Inputs_General!$C$10*(P9-Q9) -> 59.885714 | U9: =0.6108*EXP(17.27*S9/(S9+237.3))*(1-T9/100) -> 1.194926 | V9: =O9+Inputs_General!$C$11*(N9-O9) -> 25.578571 | W9: =Q9+Inputs_General!$C$12*(P9-Q9) -> 52.514286 | X9: =0.6108*EXP(17.27*V9/(V9+237.3))*(1-W9/100) -> 1.5568678 | Y9: =V9+Inputs_General!$C$14-Inputs_General!$C$15*X9 -> 23.620523 | Z9: =V9+Inputs_General!$C$16 -> 29.578571 | AA9: =IF(L9="V",Inputs_General!$C$17,IF(L9="F",Inputs_General!$C$18,Inputs_General!$C$19))+Inputs_General!$C$20*R9 -> 0.20116071 | AB9: =Inputs_Treatments!$C$4*Inputs_Treatments!$F$13*(1/(1+EXP(-(K9-Inputs_General!$C$27)/Inputs_General!$C$28)))*EXP(-((MAX(0,K9-Inputs_General!$C$29)/Inputs_General!$C$30)^2)) -> 3.2494578 | AC9: =Inputs_Treatments!$F$4 -> 1 | AD9: =Inputs_Treatments!$D$13 -> 1.1 | AE9: =COUNTIFS(Weather!$K$2:$K$159,1,Weather!$A$2:$A$159,">="&(G9+36),Weather!$A$2:$A$159,"<="&F9) -> 7 | AF9: =Inputs_Treatments!$C$20*Inputs_Treatments!$E$13*Inputs_Treatments!$D$4 -> 18 | AG9: =IF(AF9<=0,"Healthy",IF(AF9<=5,"Very low",IF(AF9<=10,"Low",IF(AF9<=25,"Moderate",IF(AF9<=50,"High","Very high"))))) -> Moderate | AH9: =MATCH(AG9,Severity_Classes!$A$4:$A$9,0) -> 4 | AI9: ="Reference: healthy (uninoculated) control plot" -> Reference: healthy (uninoculated) control plot | AJ9: =IF(AND(I9<8,2>=4),"Unlikely (only via pre-inoculation natural infection)",IF(ABS(2-AH9)<=1,"Likely",IF(ABS(2-AH9)=2,"Possible","Unlikely"))) -> Possible | AK9: =IF(AND(I9<8,3>=4),"Unlikely (only via pre-inoculation natural infection)",IF(ABS(3-AH9)<=1,"Likely",IF(ABS(3-AH9)=2,"Possible","Unlikely"))) -> Likely | AL9: =IF(AND(I9<8,4>=4),"Unlikely (only via pre-inoculation natural infection)",IF(ABS(4-AH9)<=1,"Likely",IF(ABS(4-AH9)=2,"Possible","Unlikely"))) -> Likely | AM9: =IF(AND(I9<8,5>=4),"Unlikely (only via pre-inoculation natural infection)",IF(ABS(5-AH9)<=1,"Likely",IF(ABS(5-AH9)=2,"Possible","Unlikely"))) -> Likely | AN9: =IF(AND(I9<8,6>=4),"Unlikely (only via pre-inoculation natural infection)",IF(ABS(6-AH9)<=1,"Likely",IF(ABS(6-AH9)=2,"Possible","Unlikely"))) -> Possible
A10: =B10&"|"&E10 -> D1V2|03/03/2026 | B10: D1V2 | C10: D1 | D10: V2 | E10: 03/03/2026 | F10: =Inputs_Treatments!$B$21 -> 46084 | G10: =Inputs_Treatments!$B$4 -> 46000 | H10: =F10-G10 -> 84 | I10: =F10-Inputs_General!$C$6 -> 26 | J10: =SUMIFS(Weather!$H$2:$H$159,Weather!$A$2:$A$159,">="&G10,Weather!$A$2:$A$159,"<="&F10) -> 860.7 | K10: =J10-Inputs_General!$C$5 -> 750.7 | L10: F | M10: =IF(L10="V","3rd fully expanded leaf from top","5th fully expanded leaf from top") -> 5th fully expanded leaf from top | N10: =AVERAGEIFS(Weather!$B$2:$B$159,Weather!$A$2:$A$159,">="&(F10-6),Weather!$A$2:$A$159,"<="&F10) -> 30.471429 | O10: =AVERAGEIFS(Weather!$C$2:$C$159,Weather!$A$2:$A$159,">="&(F10-6),Weather!$A$2:$A$159,"<="&F10) -> 11.957143 | P10: =AVERAGEIFS(Weather!$E$2:$E$159,Weather!$A$2:$A$159,">="&(F10-6),Weather!$A$2:$A$159,"<="&F10) -> 90.142857 | Q10: =AVERAGEIFS(Weather!$F$2:$F$159,Weather!$A$2:$A$159,">="&(F10-6),Weather!$A$2:$A$159,"<="&F10) -> 33.571429 | R10: =MAX(0,(N10-Inputs_General!$C$7)/Inputs_General!$C$8) -> 0.43392857 | S10: =O10+Inputs_General!$C$9*(N10-O10) -> 26.768571 | T10: =Q10+Inputs_General!$C$10*(P10-Q10) -> 50.542857 | U10: =0.6108*EXP(17.27*S10/(S10+237.3))*(1-T10/100) -> 1.7395155 | V10: =O10+Inputs_General!$C$11*(N10-O10) -> 28.62 | W10: =Q10+Inputs_General!$C$12*(P10-Q10) -> 42.057143 | X10: =0.6108*EXP(17.27*V10/(V10+237.3))*(1-W10/100) -> 2.2705192 | Y10: =V10+Inputs_General!$C$14-Inputs_General!$C$15*X10 -> 25.306013 | Z10: =V10+Inputs_General!$C$16 -> 32.62 | AA10: =IF(L10="V",Inputs_General!$C$17,IF(L10="F",Inputs_General!$C$18,Inputs_General!$C$19))+Inputs_General!$C$20*R10 -> 0.22169643 | AB10: =Inputs_Treatments!$C$4*Inputs_Treatments!$F$13*(1/(1+EXP(-(K10-Inputs_General!$C$27)/Inputs_General!$C$28)))*EXP(-((MAX(0,K10-Inputs_General!$C$29)/Inputs_General!$C$30)^2)) -> 3.3501135 | AC10: =Inputs_Treatments!$G$4 -> 1 | AD10: =Inputs_Treatments!$D$13 -> 1.1 | AE10: =COUNTIFS(Weather!$K$2:$K$159,1,Weather!$A$2:$A$159,">="&(G10+36),Weather!$A$2:$A$159,"<="&F10) -> 7 | AF10: =Inputs_Treatments!$C$21*Inputs_Treatments!$E$13*Inputs_Treatments!$D$4 -> 28 | AG10: =IF(AF10<=0,"Healthy",IF(AF10<=5,"Very low",IF(AF10<=10,"Low",IF(AF10<=25,"Moderate",IF(AF10<=50,"High","Very high"))))) -> High | AH10: =MATCH(AG10,Severity_Classes!$A$4:$A$9,0) -> 5 | AI10: ="Reference: healthy (uninoculated) control plot" -> Reference: healthy (uninoculated) control plot | AJ10: =IF(AND(I10<8,2>=4),"Unlikely (only via pre-inoculation natural infection)",IF(ABS(2-AH10)<=1,"Likely",IF(ABS(2-AH10)=2,"Possible","Unlikely"))) -> Unlikely | AK10: =IF(AND(I10<8,3>=4),"Unlikely (only via pre-inoculation natural infection)",IF(ABS(3-AH10)<=1,"Likely",IF(ABS(3-AH10)=2,"Possible","Unlikely"))) -> Possible | AL10: =IF(AND(I10<8,4>=4),"Unlikely (only via pre-inoculation natural infection)",IF(ABS(4-AH10)<=1,"Likely",IF(ABS(4-AH10)=2,"Possible","Unlikely"))) -> Likely | AM10: =IF(AND(I10<8,5>=4),"Unlikely (only via pre-inoculation natural infection)",IF(ABS(5-AH10)<=1,"Likely",IF(ABS(5-AH10)=2,"Possible","Unlikely"))) -> Likely | AN10: =IF(AND(I10<8,6>=4),"Unlikely (only via pre-inoculation natural infection)",IF(ABS(6-AH10)<=1,"Likely",IF(ABS(6-AH10)=2,"Possible","Unlikely"))) -> Likely
A11: =B11&"|"&E11 -> D1V2|13/03/2026 | B11: D1V2 | C11: D1 | D11: V2 | E11: 13/03/2026 | F11: =Inputs_Treatments!$B$22 -> 46094 | G11: =Inputs_Treatments!$B$4 -> 46000 | H11: =F11-G11 -> 94 | I11: =F11-Inputs_General!$C$6 -> 36 | J11: =SUMIFS(Weather!$H$2:$H$159,Weather!$A$2:$A$159,">="&G11,Weather!$A$2:$A$159,"<="&F11) -> 1058.7 | K11: =J11-Inputs_General!$C$5 -> 948.7 | L11: P | M11: =IF(L11="V","3rd fully expanded leaf from top","5th fully expanded leaf from top") -> 5th fully expanded leaf from top | N11: =AVERAGEIFS(Weather!$B$2:$B$159,Weather!$A$2:$A$159,">="&(F11-6),Weather!$A$2:$A$159,"<="&F11) -> 34.628571 | O11: =AVERAGEIFS(Weather!$C$2:$C$159,Weather!$A$2:$A$159,">="&(F11-6),Weather!$A$2:$A$159,"<="&F11) -> 16.214286 | P11: =AVERAGEIFS(Weather!$E$2:$E$159,Weather!$A$2:$A$159,">="&(F11-6),Weather!$A$2:$A$159,"<="&F11) -> 90.714286 | Q11: =AVERAGEIFS(Weather!$F$2:$F$159,Weather!$A$2:$A$159,">="&(F11-6),Weather!$A$2:$A$159,"<="&F11) -> 34.142857 | R11: =MAX(0,(N11-Inputs_General!$C$7)/Inputs_General!$C$8) -> 0.95357143 | S11: =O11+Inputs_General!$C$9*(N11-O11) -> 30.945714 | T11: =Q11+Inputs_General!$C$10*(P11-Q11) -> 51.114286 | U11: =0.6108*EXP(17.27*S11/(S11+237.3))*(1-T11/100) -> 2.1894574 | V11: =O11+Inputs_General!$C$11*(N11-O11) -> 32.787143 | W11: =Q11+Inputs_General!$C$12*(P11-Q11) -> 42.628571 | X11: =0.6108*EXP(17.27*V11/(V11+237.3))*(1-W11/100) -> 2.8515899 | Y11: =V11+Inputs_General!$C$14-Inputs_General!$C$15*X11 -> 28.369122 | Z11: =V11+Inputs_General!$C$16 -> 36.787143 | AA11: =IF(L11="V",Inputs_General!$C$17,IF(L11="F",Inputs_General!$C$18,Inputs_General!$C$19))+Inputs_General!$C$20*R11 -> 0.34767857 | AB11: =Inputs_Treatments!$C$4*Inputs_Treatments!$F$13*(1/(1+EXP(-(K11-Inputs_General!$C$27)/Inputs_General!$C$28)))*EXP(-((MAX(0,K11-Inputs_General!$C$29)/Inputs_General!$C$30)^2)) -> 2.6539155 | AC11: =Inputs_Treatments!$H$4 -> 1 | AD11: =Inputs_Treatments!$D$13 -> 1.1 | AE11: =COUNTIFS(Weather!$K$2:$K$159,1,Weather!$A$2:$A$159,">="&(G11+36),Weather!$A$2:$A$159,"<="&F11) -> 7 | AF11: =Inputs_Treatments!$C$22*Inputs_Treatments!$E$13*Inputs_Treatments!$D$4 -> 35 | AG11: =IF(AF11<=0,"Healthy",IF(AF11<=5,"Very low",IF(AF11<=10,"Low",IF(AF11<=25,"Moderate",IF(AF11<=50,"High","Very high"))))) -> High | AH11: =MATCH(AG11,Severity_Classes!$A$4:$A$9,0) -> 5 | AI11: ="Reference: healthy (uninoculated) control plot" -> Reference: healthy (uninoculated) control plot | AJ11: =IF(AND(I11<8,2>=4),"Unlikely (only via pre-inoculation natural infection)",IF(ABS(2-AH11)<=1,"Likely",IF(ABS(2-AH11)=2,"Possible","Unlikely"))) -> Unlikely | AK11: =IF(AND(I11<8,3>=4),"Unlikely (only via pre-inoculation natural infection)",IF(ABS(3-AH11)<=1,"Likely",IF(ABS(3-AH11)=2,"Possible","Unlikely"))) -> Possible | AL11: =IF(AND(I11<8,4>=4),"Unlikely (only via pre-inoculation natural infection)",IF(ABS(4-AH11)<=1,"Likely",IF(ABS(4-AH11)=2,"Possible","Unlikely"))) -> Likely | AM11: =IF(AND(I11<8,5>=4),"Unlikely (only via pre-inoculation natural infection)",IF(ABS(5-AH11)<=1,"Likely",IF(ABS(5-AH11)=2,"Possible","Unlikely"))) -> Likely | AN11: =IF(AND(I11<8,6>=4),"Unlikely (only via pre-inoculation natural infection)",IF(ABS(6-AH11)<=1,"Likely",IF(ABS(6-AH11)=2,"Possible","Unlikely"))) -> Likely
A12: =B12&"|"&E12 -> D1V3|11/02/2026 | B12: D1V3 | C12: D1 | D12: V3 | E12: 11/02/2026 | F12: =Inputs_Treatments!$B$19 -> 46064 | G12: =Inputs_Treatments!$B$4 -> 46000 | H12: =F12-G12 -> 64 | I12: =F12-Inputs_General!$C$6 -> 6 | J12: =SUMIFS(Weather!$H$2:$H$159,Weather!$A$2:$A$159,">="&G12,Weather!$A$2:$A$159,"<="&F12) -> 572.3 | K12: =J12-Inputs_General!$C$5 -> 462.3 | L12: V | M12: =IF(L12="V","3rd fully expanded leaf from top","5th fully expanded leaf from top") -> 3rd fully expanded leaf from top | N12: =AVERAGEIFS(Weather!$B$2:$B$159,Weather!$A$2:$A$159,">="&(F12-6),Weather!$A$2:$A$159,"<="&F12) -> 24.142857 | O12: =AVERAGEIFS(Weather!$C$2:$C$159,Weather!$A$2:$A$159,">="&(F12-6),Weather!$A$2:$A$159,"<="&F12) -> 8.9714286 | P12: =AVERAGEIFS(Weather!$E$2:$E$159,Weather!$A$2:$A$159,">="&(F12-6),Weather!$A$2:$A$159,"<="&F12) -> 94.142857 | Q12: =AVERAGEIFS(Weather!$F$2:$F$159,Weather!$A$2:$A$159,">="&(F12-6),Weather!$A$2:$A$159,"<="&F12) -> 49 | R12: =MAX(0,(N12-Inputs_General!$C$7)/Inputs_General!$C$8) -> 0 | S12: =O12+Inputs_General!$C$9*(N12-O12) -> 21.108571 | T12: =Q12+Inputs_General!$C$10*(P12-Q12) -> 62.542857 | U12: =0.6108*EXP(17.27*S12/(S12+237.3))*(1-T12/100) -> 0.93779182 | V12: =O12+Inputs_General!$C$11*(N12-O12) -> 22.625714 | W12: =Q12+Inputs_General!$C$12*(P12-Q12) -> 55.771429 | X12: =0.6108*EXP(17.27*V12/(V12+237.3))*(1-W12/100) -> 1.2147207 | Y12: =V12+Inputs_General!$C$14-Inputs_General!$C$15*X12 -> 21.317745 | Z12: =V12+Inputs_General!$C$16 -> 26.625714 | AA12: =IF(L12="V",Inputs_General!$C$17,IF(L12="F",Inputs_General!$C$18,Inputs_General!$C$19))+Inputs_General!$C$20*R12 -> 0.12 | AB12: =Inputs_Treatments!$C$4*Inputs_Treatments!$F$14*(1/(1+EXP(-(K12-Inputs_General!$C$27)/Inputs_General!$C$28)))*EXP(-((MAX(0,K12-Inputs_General!$C$29)/Inputs_General!$C$30)^2)) -> 2.6849133 | AC12: =Inputs_Treatments!$E$4 -> 1 | AD12: =Inputs_Treatments!$D$14 -> 0.85 | AE12: =COUNTIFS(Weather!$K$2:$K$159,1,Weather!$A$2:$A$159,">="&(G12+36),Weather!$A$2:$A$159,"<="&F12) -> 7 | AF12: =Inputs_Treatments!$C$19*Inputs_Treatments!$E$14*Inputs_Treatments!$D$4 -> 1.5 | AG12: =IF(AF12<=0,"Healthy",IF(AF12<=5,"Very low",IF(AF12<=10,"Low",IF(AF12<=25,"Moderate",IF(AF12<=50,"High","Very high"))))) -> Very low | AH12: =MATCH(AG12,Severity_Classes!$A$4:$A$9,0) -> 2 | AI12: ="Reference: healthy (uninoculated) control plot" -> Reference: healthy (uninoculated) control plot | AJ12: =IF(AND(I12<8,2>=4),"Unlikely (only via pre-inoculation natural infection)",IF(ABS(2-AH12)<=1,"Likely",IF(ABS(2-AH12)=2,"Possible","Unlikely"))) -> Likely | AK12: =IF(AND(I12<8,3>=4),"Unlikely (only via pre-inoculation natural infection)",IF(ABS(3-AH12)<=1,"Likely",IF(ABS(3-AH12)=2,"Possible","Unlikely"))) -> Likely | AL12: =IF(AND(I12<8,4>=4),"Unlikely (only via pre-inoculation natural infection)",IF(ABS(4-AH12)<=1,"Likely",IF(ABS(4-AH12)=2,"Possible","Unlikely"))) -> Unlikely (only via pre-inoculation natural infection) | AM12: =IF(AND(I12<8,5>=4),"Unlikely (only via pre-inoculation natural infection)",IF(ABS(5-AH12)<=1,"Likely",IF(ABS(5-AH12)=2,"Possible","Unlikely"))) -> Unlikely (only via pre-inoculation natural infection) | AN12: =IF(AND(I12<8,6>=4),"Unlikely (only via pre-inoculation natural infection)",IF(ABS(6-AH12)<=1,"Likely",IF(ABS(6-AH12)=2,"Possible","Unlikely"))) -> Unlikely (only via pre-inoculation natural infection)
A13: =B13&"|"&E13 -> D1V3|24/02/2026 | B13: D1V3 | C13: D1 | D13: V3 | E13: 24/02/2026 | F13: =Inputs_Treatments!$B$20 -> 46077 | G13: =Inputs_Treatments!$B$4 -> 46000 | H13: =F13-G13 -> 77 | I13: =F13-Inputs_General!$C$6 -> 19 | J13: =SUMIFS(Weather!$H$2:$H$159,Weather!$A$2:$A$159,">="&G13,Weather!$A$2:$A$159,"<="&F13) -> 747.2 | K13: =J13-Inputs_General!$C$5 -> 637.2 | L13: F | M13: =IF(L13="V","3rd fully expanded leaf from top","5th fully expanded leaf from top") -> 5th fully expanded leaf from top | N13: =AVERAGEIFS(Weather!$B$2:$B$159,Weather!$A$2:$A$159,">="&(F13-6),Weather!$A$2:$A$159,"<="&F13) -> 27.185714 | O13: =AVERAGEIFS(Weather!$C$2:$C$159,Weather!$A$2:$A$159,">="&(F13-6),Weather!$A$2:$A$159,"<="&F13) -> 11.114286 | P13: =AVERAGEIFS(Weather!$E$2:$E$159,Weather!$A$2:$A$159,">="&(F13-6),Weather!$A$2:$A$159,"<="&F13) -> 94.285714 | Q13: =AVERAGEIFS(Weather!$F$2:$F$159,Weather!$A$2:$A$159,">="&(F13-6),Weather!$A$2:$A$159,"<="&F13) -> 45.142857 | R13: =MAX(0,(N13-Inputs_General!$C$7)/Inputs_General!$C$8) -> 0.023214286 | S13: =O13+Inputs_General!$C$9*(N13-O13) -> 23.971429 | T13: =Q13+Inputs_General!$C$10*(P13-Q13) -> 59.885714 | U13: =0.6108*EXP(17.27*S13/(S13+237.3))*(1-T13/100) -> 1.194926 | V13: =O13+Inputs_General!$C$11*(N13-O13) -> 25.578571 | W13: =Q13+Inputs_General!$C$12*(P13-Q13) -> 52.514286 | X13: =0.6108*EXP(17.27*V13/(V13+237.3))*(1-W13/100) -> 1.5568678 | Y13: =V13+Inputs_General!$C$14-Inputs_General!$C$15*X13 -> 23.620523 | Z13: =V13+Inputs_General!$C$16 -> 29.578571 | AA13: =IF(L13="V",Inputs_General!$C$17,IF(L13="F",Inputs_General!$C$18,Inputs_General!$C$19))+Inputs_General!$C$20*R13 -> 0.20116071 | AB13: =Inputs_Treatments!$C$4*Inputs_Treatments!$F$14*(1/(1+EXP(-(K13-Inputs_General!$C$27)/Inputs_General!$C$28)))*EXP(-((MAX(0,K13-Inputs_General!$C$29)/Inputs_General!$C$30)^2)) -> 3.2494578 | AC13: =Inputs_Treatments!$F$4 -> 1 | AD13: =Inputs_Treatments!$D$14 -> 0.85 | AE13: =COUNTIFS(Weather!$K$2:$K$159,1,Weather!$A$2:$A$159,">="&(G13+36),Weather!$A$2:$A$159,"<="&F13) -> 7 | AF13: =Inputs_Treatments!$C$20*Inputs_Treatments!$E$14*Inputs_Treatments!$D$4 -> 9 | AG13: =IF(AF13<=0,"Healthy",IF(AF13<=5,"Very low",IF(AF13<=10,"Low",IF(AF13<=25,"Moderate",IF(AF13<=50,"High","Very high"))))) -> Low | AH13: =MATCH(AG13,Severity_Classes!$A$4:$A$9,0) -> 3 | AI13: ="Reference: healthy (uninoculated) control plot" -> Reference: healthy (uninoculated) control plot | AJ13: =IF(AND(I13<8,2>=4),"Unlikely (only via pre-inoculation natural infection)",IF(ABS(2-AH13)<=1,"Likely",IF(ABS(2-AH13)=2,"Possible","Unlikely"))) -> Likely | AK13: =IF(AND(I13<8,3>=4),"Unlikely (only via pre-inoculation natural infection)",IF(ABS(3-AH13)<=1,"Likely",IF(ABS(3-AH13)=2,"Possible","Unlikely"))) -> Likely | AL13: =IF(AND(I13<8,4>=4),"Unlikely (only via pre-inoculation natural infection)",IF(ABS(4-AH13)<=1,"Likely",IF(ABS(4-AH13)=2,"Possible","Unlikely"))) -> Likely | AM13: =IF(AND(I13<8,5>=4),"Unlikely (only via pre-inoculation natural infection)",IF(ABS(5-AH13)<=1,"Likely",IF(ABS(5-AH13)=2,"Possible","Unlikely"))) -> Possible | AN13: =IF(AND(I13<8,6>=4),"Unlikely (only via pre-inoculation natural infection)",IF(ABS(6-AH13)<=1,"Likely",IF(ABS(6-AH13)=2,"Possible","Unlikely"))) -> Unlikely
A14: =B14&"|"&E14 -> D1V3|03/03/2026 | B14: D1V3 | C14: D1 | D14: V3 | E14: 03/03/2026 | F14: =Inputs_Treatments!$B$21 -> 46084 | G14: =Inputs_Treatments!$B$4 -> 46000 | H14: =F14-G14 -> 84 | I14: =F14-Inputs_General!$C$6 -> 26 | J14: =SUMIFS(Weather!$H$2:$H$159,Weather!$A$2:$A$159,">="&G14,Weather!$A$2:$A$159,"<="&F14) -> 860.7 | K14: =J14-Inputs_General!$C$5 -> 750.7 | L14: F | M14: =IF(L14="V","3rd fully expanded leaf from top","5th fully expanded leaf from top") -> 5th fully expanded leaf from top | N14: =AVERAGEIFS(Weather!$B$2:$B$159,Weather!$A$2:$A$159,">="&(F14-6),Weather!$A$2:$A$159,"<="&F14) -> 30.471429 | O14: =AVERAGEIFS(Weather!$C$2:$C$159,Weather!$A$2:$A$159,">="&(F14-6),Weather!$A$2:$A$159,"<="&F14) -> 11.957143 | P14: =AVERAGEIFS(Weather!$E$2:$E$159,Weather!$A$2:$A$159,">="&(F14-6),Weather!$A$2:$A$159,"<="&F14) -> 90.142857 | Q14: =AVERAGEIFS(Weather!$F$2:$F$159,Weather!$A$2:$A$159,">="&(F14-6),Weather!$A$2:$A$159,"<="&F14) -> 33.571429 | R14: =MAX(0,(N14-Inputs_General!$C$7)/Inputs_General!$C$8) -> 0.43392857 | S14: =O14+Inputs_General!$C$9*(N14-O14) -> 26.768571 | T14: =Q14+Inputs_General!$C$10*(P14-Q14) -> 50.542857 | U14: =0.6108*EXP(17.27*S14/(S14+237.3))*(1-T14/100) -> 1.7395155 | V14: =O14+Inputs_General!$C$11*(N14-O14) -> 28.62 | W14: =Q14+Inputs_General!$C$12*(P14-Q14) -> 42.057143 | X14: =0.6108*EXP(17.27*V14/(V14+237.3))*(1-W14/100) -> 2.2705192 | Y14: =V14+Inputs_General!$C$14-Inputs_General!$C$15*X14 -> 25.306013 | Z14: =V14+Inputs_General!$C$16 -> 32.62 | AA14: =IF(L14="V",Inputs_General!$C$17,IF(L14="F",Inputs_General!$C$18,Inputs_General!$C$19))+Inputs_General!$C$20*R14 -> 0.22169643 | AB14: =Inputs_Treatments!$C$4*Inputs_Treatments!$F$14*(1/(1+EXP(-(K14-Inputs_General!$C$27)/Inputs_General!$C$28)))*EXP(-((MAX(0,K14-Inputs_General!$C$29)/Inputs_General!$C$30)^2)) -> 3.3501135 | AC14: =Inputs_Treatments!$G$4 -> 1 | AD14: =Inputs_Treatments!$D$14 -> 0.85 | AE14: =COUNTIFS(Weather!$K$2:$K$159,1,Weather!$A$2:$A$159,">="&(G14+36),Weather!$A$2:$A$159,"<="&F14) -> 7 | AF14: =Inputs_Treatments!$C$21*Inputs_Treatments!$E$14*Inputs_Treatments!$D$4 -> 14 | AG14: =IF(AF14<=0,"Healthy",IF(AF14<=5,"Very low",IF(AF14<=10,"Low",IF(AF14<=25,"Moderate",IF(AF14<=50,"High","Very high"))))) -> Moderate | AH14: =MATCH(AG14,Severity_Classes!$A$4:$A$9,0) -> 4 | AI14: ="Reference: healthy (uninoculated) control plot" -> Reference: healthy (uninoculated) control plot | AJ14: =IF(AND(I14<8,2>=4),"Unlikely (only via pre-inoculation natural infection)",IF(ABS(2-AH14)<=1,"Likely",IF(ABS(2-AH14)=2,"Possible","Unlikely"))) -> Possible | AK14: =IF(AND(I14<8,3>=4),"Unlikely (only via pre-inoculation natural infection)",IF(ABS(3-AH14)<=1,"Likely",IF(ABS(3-AH14)=2,"Possible","Unlikely"))) -> Likely | AL14: =IF(AND(I14<8,4>=4),"Unlikely (only via pre-inoculation natural infection)",IF(ABS(4-AH14)<=1,"Likely",IF(ABS(4-AH14)=2,"Possible","Unlikely"))) -> Likely | AM14: =IF(AND(I14<8,5>=4),"Unlikely (only via pre-inoculation natural infection)",IF(ABS(5-AH14)<=1,"Likely",IF(ABS(5-AH14)=2,"Possible","Unlikely"))) -> Likely | AN14: =IF(AND(I14<8,6>=4),"Unlikely (only via pre-inoculation natural infection)",IF(ABS(6-AH14)<=1,"Likely",IF(ABS(6-AH14)=2,"Possible","Unlikely"))) -> Possible
A15: =B15&"|"&E15 -> D1V3|13/03/2026 | B15: D1V3 | C15: D1 | D15: V3 | E15: 13/03/2026 | F15: =Inputs_Treatments!$B$22 -> 46094 | G15: =Inputs_Treatments!$B$4 -> 46000 | H15: =F15-G15 -> 94 | I15: =F15-Inputs_General!$C$6 -> 36 | J15: =SUMIFS(Weather!$H$2:$H$159,Weather!$A$2:$A$159,">="&G15,Weather!$A$2:$A$159,"<="&F15) -> 1058.7 | K15: =J15-Inputs_General!$C$5 -> 948.7 | L15: P | M15: =IF(L15="V","3rd fully expanded leaf from top","5th fully expanded leaf from top") -> 5th fully expanded leaf from top | N15: =AVERAGEIFS(Weather!$B$2:$B$159,Weather!$A$2:$A$159,">="&(F15-6),Weather!$A$2:$A$159,"<="&F15) -> 34.628571 | O15: =AVERAGEIFS(Weather!$C$2:$C$159,Weather!$A$2:$A$159,">="&(F15-6),Weather!$A$2:$A$159,"<="&F15) -> 16.214286 | P15: =AVERAGEIFS(Weather!$E$2:$E$159,Weather!$A$2:$A$159,">="&(F15-6),Weather!$A$2:$A$159,"<="&F15) -> 90.714286 | Q15: =AVERAGEIFS(Weather!$F$2:$F$159,Weather!$A$2:$A$159,">="&(F15-6),Weather!$A$2:$A$159,"<="&F15) -> 34.142857 | R15: =MAX(0,(N15-Inputs_General!$C$7)/Inputs_General!$C$8) -> 0.95357143 | S15: =O15+Inputs_General!$C$9*(N15-O15) -> 30.945714 | T15: =Q15+Inputs_General!$C$10*(P15-Q15) -> 51.114286 | U15: =0.6108*EXP(17.27*S15/(S15+237.3))*(1-T15/100) -> 2.1894574 | V15: =O15+Inputs_General!$C$11*(N15-O15) -> 32.787143 | W15: =Q15+Inputs_General!$C$12*(P15-Q15) -> 42.628571 | X15: =0.6108*EXP(17.27*V15/(V15+237.3))*(1-W15/100) -> 2.8515899 | Y15: =V15+Inputs_General!$C$14-Inputs_General!$C$15*X15 -> 28.369122 | Z15: =V15+Inputs_General!$C$16 -> 36.787143 | AA15: =IF(L15="V",Inputs_General!$C$17,IF(L15="F",Inputs_General!$C$18,Inputs_General!$C$19))+Inputs_General!$C$20*R15 -> 0.34767857 | AB15: =Inputs_Treatments!$C$4*Inputs_Treatments!$F$14*(1/(1+EXP(-(K15-Inputs_General!$C$27)/Inputs_General!$C$28)))*EXP(-((MAX(0,K15-Inputs_General!$C$29)/Inputs_General!$C$30)^2)) -> 2.6539155 | AC15: =Inputs_Treatments!$H$4 -> 1 | AD15: =Inputs_Treatments!$D$14 -> 0.85 | AE15: =COUNTIFS(Weather!$K$2:$K$159,1,Weather!$A$2:$A$159,">="&(G15+36),Weather!$A$2:$A$159,"<="&F15) -> 7 | AF15: =Inputs_Treatments!$C$22*Inputs_Treatments!$E$14*Inputs_Treatments!$D$4 -> 17.5 | AG15: =IF(AF15<=0,"Healthy",IF(AF15<=5,"Very low",IF(AF15<=10,"Low",IF(AF15<=25,"Moderate",IF(AF15<=50,"High","Very high"))))) -> Moderate | AH15: =MATCH(AG15,Severity_Classes!$A$4:$A$9,0) -> 4 | AI15: ="Reference: healthy (uninoculated) control plot" -> Reference: healthy (uninoculated) control plot | AJ15: =IF(AND(I15<8,2>=4),"Unlikely (only via pre-inoculation natural infection)",IF(ABS(2-AH15)<=1,"Likely",IF(ABS(2-AH15)=2,"Possible","Unlikely"))) -> Possible | AK15: =IF(AND(I15<8,3>=4),"Unlikely (only via pre-inoculation natural infection)",IF(ABS(3-AH15)<=1,"Likely",IF(ABS(3-AH15)=2,"Possible","Unlikely"))) -> Likely | AL15: =IF(AND(I15<8,4>=4),"Unlikely (only via pre-inoculation natural infection)",IF(ABS(4-AH15)<=1,"Likely",IF(ABS(4-AH15)=2,"Possible","Unlikely"))) -> Likely | AM15: =IF(AND(I15<8,5>=4),"Unlikely (only via pre-inoculation natural infection)",IF(ABS(5-AH15)<=1,"Likely",IF(ABS(5-AH15)=2,"Possible","Unlikely"))) -> Likely | AN15: =IF(AND(I15<8,6>=4),"Unlikely (only via pre-inoculation natural infection)",IF(ABS(6-AH15)<=1,"Likely",IF(ABS(6-AH15)=2,"Possible","Unlikely"))) -> Possible
A16: =B16&"|"&E16 -> D2V1|11/02/2026 | B16: D2V1 | C16: D2 | D16: V1 | E16: 11/02/2026 | F16: =Inputs_Treatments!$B$19 -> 46064 | G16: =Inputs_Treatments!$B$5 -> 46009 | H16: =F16-G16 -> 55 | I16: =F16-Inputs_General!$C$6 -> 6 | J16: =SUMIFS(Weather!$H$2:$H$159,Weather!$A$2:$A$159,">="&G16,Weather!$A$2:$A$159,"<="&F16) -> 475.7 | K16: =J16-Inputs_General!$C$5 -> 365.7 | L16: V | M16: =IF(L16="V","3rd fully expanded leaf from top","5th fully expanded leaf from top") -> 3rd fully expanded leaf from top | N16: =AVERAGEIFS(Weather!$B$2:$B$159,Weather!$A$2:$A$159,">="&(F16-6),Weather!$A$2:$A$159,"<="&F16) -> 24.142857 | O16: =AVERAGEIFS(Weather!$C$2:$C$159,Weather!$A$2:$A$159,">="&(F16-6),Weather!$A$2:$A$159,"<="&F16) -> 8.9714286 | P16: =AVERAGEIFS(Weather!$E$2:$E$159,Weather!$A$2:$A$159,">="&(F16-6),Weather!$A$2:$A$159,"<="&F16) -> 94.142857 | Q16: =AVERAGEIFS(Weather!$F$2:$F$159,Weather!$A$2:$A$159,">="&(F16-6),Weather!$A$2:$A$159,"<="&F16) -> 49 | R16: =MAX(0,(N16-Inputs_General!$C$7)/Inputs_General!$C$8) -> 0 | S16: =O16+Inputs_General!$C$9*(N16-O16) -> 21.108571 | T16: =Q16+Inputs_General!$C$10*(P16-Q16) -> 62.542857 | U16: =0.6108*EXP(17.27*S16/(S16+237.3))*(1-T16/100) -> 0.93779182 | V16: =O16+Inputs_General!$C$11*(N16-O16) -> 22.625714 | W16: =Q16+Inputs_General!$C$12*(P16-Q16) -> 55.771429 | X16: =0.6108*EXP(17.27*V16/(V16+237.3))*(1-W16/100) -> 1.2147207 | Y16: =V16+Inputs_General!$C$14-Inputs_General!$C$15*X16 -> 21.317745 | Z16: =V16+Inputs_General!$C$16 -> 26.625714 | AA16: =IF(L16="V",Inputs_General!$C$17,IF(L16="F",Inputs_General!$C$18,Inputs_General!$C$19))+Inputs_General!$C$20*R16 -> 0.12 | AB16: =Inputs_Treatments!$C$5*Inputs_Treatments!$F$12*(1/(1+EXP(-(K16-Inputs_General!$C$27)/Inputs_General!$C$28)))*EXP(-((MAX(0,K16-Inputs_General!$C$29)/Inputs_General!$C$30)^2)) -> 1.7884746 | AC16: =Inputs_Treatments!$E$5 -> 1.05 | AD16: =Inputs_Treatments!$D$12 -> 1 | AE16: =COUNTIFS(Weather!$K$2:$K$159,1,Weather!$A$2:$A$159,">="&(G16+36),Weather!$A$2:$A$159,"<="&F16) -> 5 | AF16: =Inputs_Treatments!$C$19*Inputs_Treatments!$E$12*Inputs_Treatments!$D$5 -> 2.16 | AG16: =IF(AF16<=0,"Healthy",IF(AF16<=5,"Very low",IF(AF16<=10,"Low",IF(AF16<=25,"Moderate",IF(AF16<=50,"High","Very high"))))) -> Very low | AH16: =MATCH(AG16,Severity_Classes!$A$4:$A$9,0) -> 2 | AI16: ="Reference: healthy (uninoculated) control plot" -> Reference: healthy (uninoculated) control plot | AJ16: =IF(AND(I16<8,2>=4),"Unlikely (only via pre-inoculation natural infection)",IF(ABS(2-AH16)<=1,"Likely",IF(ABS(2-AH16)=2,"Possible","Unlikely"))) -> Likely | AK16: =IF(AND(I16<8,3>=4),"Unlikely (only via pre-inoculation natural infection)",IF(ABS(3-AH16)<=1,"Likely",IF(ABS(3-AH16)=2,"Possible","Unlikely"))) -> Likely | AL16: =IF(AND(I16<8,4>=4),"Unlikely (only via pre-inoculation natural infection)",IF(ABS(4-AH16)<=1,"Likely",IF(ABS(4-AH16)=2,"Possible","Unlikely"))) -> Unlikely (only via pre-inoculation natural infection) | AM16: =IF(AND(I16<8,5>=4),"Unlikely (only via pre-inoculation natural infection)",IF(ABS(5-AH16)<=1,"Likely",IF(ABS(5-AH16)=2,"Possible","Unlikely"))) -> Unlikely (only via pre-inoculation natural infection) | AN16: =IF(AND(I16<8,6>=4),"Unlikely (only via pre-inoculation natural infection)",IF(ABS(6-AH16)<=1,"Likely",IF(ABS(6-AH16)=2,"Possible","Unlikely"))) -> Unlikely (only via pre-inoculation natural infection)
A17: =B17&"|"&E17 -> D2V1|24/02/2026 | B17: D2V1 | C17: D2 | D17: V1 | E17: 24/02/2026 | F17: =Inputs_Treatments!$B$20 -> 46077 | G17: =Inputs_Treatments!$B$5 -> 46009 | H17: =F17-G17 -> 68 | I17: =F17-Inputs_General!$C$6 -> 19 | J17: =SUMIFS(Weather!$H$2:$H$159,Weather!$A$2:$A$159,">="&G17,Weather!$A$2:$A$159,"<="&F17) -> 650.6 | K17: =J17-Inputs_General!$C$5 -> 540.6 | L17: F | M17: =IF(L17="V","3rd fully expanded leaf from top","5th fully expanded leaf from top") -> 5th fully expanded leaf from top | N17: =AVERAGEIFS(Weather!$B$2:$B$159,Weather!$A$2:$A$159,">="&(F17-6),Weather!$A$2:$A$159,"<="&F17) -> 27.185714 | O17: =AVERAGEIFS(Weather!$C$2:$C$159,Weather!$A$2:$A$159,">="&(F17-6),Weather!$A$2:$A$159,"<="&F17) -> 11.114286 | P17: =AVERAGEIFS(Weather!$E$2:$E$159,Weather!$A$2:$A$159,">="&(F17-6),Weather!$A$2:$A$159,"<="&F17) -> 94.285714 | Q17: =AVERAGEIFS(Weather!$F$2:$F$159,Weather!$A$2:$A$159,">="&(F17-6),Weather!$A$2:$A$159,"<="&F17) -> 45.142857 | R17: =MAX(0,(N17-Inputs_General!$C$7)/Inputs_General!$C$8) -> 0.023214286 | S17: =O17+Inputs_General!$C$9*(N17-O17) -> 23.971429 | T17: =Q17+Inputs_General!$C$10*(P17-Q17) -> 59.885714 | U17: =0.6108*EXP(17.27*S17/(S17+237.3))*(1-T17/100) -> 1.194926 | V17: =O17+Inputs_General!$C$11*(N17-O17) -> 25.578571 | W17: =Q17+Inputs_General!$C$12*(P17-Q17) -> 52.514286 | X17: =0.6108*EXP(17.27*V17/(V17+237.3))*(1-W17/100) -> 1.5568678 | Y17: =V17+Inputs_General!$C$14-Inputs_General!$C$15*X17 -> 23.620523 | Z17: =V17+Inputs_General!$C$16 -> 29.578571 | AA17: =IF(L17="V",Inputs_General!$C$17,IF(L17="F",Inputs_General!$C$18,Inputs_General!$C$19))+Inputs_General!$C$20*R17 -> 0.20116071 | AB17: =Inputs_Treatments!$C$5*Inputs_Treatments!$F$12*(1/(1+EXP(-(K17-Inputs_General!$C$27)/Inputs_General!$C$28)))*EXP(-((MAX(0,K17-Inputs_General!$C$29)/Inputs_General!$C$30)^2)) -> 2.7101143 | AC17: =Inputs_Treatments!$F$5 -> 1 | AD17: =Inputs_Treatments!$D$12 -> 1 | AE17: =COUNTIFS(Weather!$K$2:$K$159,1,Weather!$A$2:$A$159,">="&(G17+36),Weather!$A$2:$A$159,"<="&F17) -> 5 | AF17: =Inputs_Treatments!$C$20*Inputs_Treatments!$E$12*Inputs_Treatments!$D$5 -> 12.96 | AG17: =IF(AF17<=0,"Healthy",IF(AF17<=5,"Very low",IF(AF17<=10,"Low",IF(AF17<=25,"Moderate",IF(AF17<=50,"High","Very high"))))) -> Moderate | AH17: =MATCH(AG17,Severity_Classes!$A$4:$A$9,0) -> 4 | AI17: ="Reference: healthy (uninoculated) control plot" -> Reference: healthy (uninoculated) control plot | AJ17: =IF(AND(I17<8,2>=4),"Unlikely (only via pre-inoculation natural infection)",IF(ABS(2-AH17)<=1,"Likely",IF(ABS(2-AH17)=2,"Possible","Unlikely"))) -> Possible | AK17: =IF(AND(I17<8,3>=4),"Unlikely (only via pre-inoculation natural infection)",IF(ABS(3-AH17)<=1,"Likely",IF(ABS(3-AH17)=2,"Possible","Unlikely"))) -> Likely | AL17: =IF(AND(I17<8,4>=4),"Unlikely (only via pre-inoculation natural infection)",IF(ABS(4-AH17)<=1,"Likely",IF(ABS(4-AH17)=2,"Possible","Unlikely"))) -> Likely | AM17: =IF(AND(I17<8,5>=4),"Unlikely (only via pre-inoculation natural infection)",IF(ABS(5-AH17)<=1,"Likely",IF(ABS(5-AH17)=2,"Possible","Unlikely"))) -> Likely | AN17: =IF(AND(I17<8,6>=4),"Unlikely (only via pre-inoculation natural infection)",IF(ABS(6-AH17)<=1,"Likely",IF(ABS(6-AH17)=2,"Possible","Unlikely"))) -> Possible
A18: =B18&"|"&E18 -> D2V1|03/03/2026 | B18: D2V1 | C18: D2 | D18: V1 | E18: 03/03/2026 | F18: =Inputs_Treatments!$B$21 -> 46084 | G18: =Inputs_Treatments!$B$5 -> 46009 | H18: =F18-G18 -> 75 | I18: =F18-Inputs_General!$C$6 -> 26 | J18: =SUMIFS(Weather!$H$2:$H$159,Weather!$A$2:$A$159,">="&G18,Weather!$A$2:$A$159,"<="&F18) -> 764.1 | K18: =J18-Inputs_General!$C$5 -> 654.1 | L18: F | M18: =IF(L18="V","3rd fully expanded leaf from top","5th fully expanded leaf from top") -> 5th fully expanded leaf from top | N18: =AVERAGEIFS(Weather!$B$2:$B$159,Weather!$A$2:$A$159,">="&(F18-6),Weather!$A$2:$A$159,"<="&F18) -> 30.471429 | O18: =AVERAGEIFS(Weather!$C$2:$C$159,Weather!$A$2:$A$159,">="&(F18-6),Weather!$A$2:$A$159,"<="&F18) -> 11.957143 | P18: =AVERAGEIFS(Weather!$E$2:$E$159,Weather!$A$2:$A$159,">="&(F18-6),Weather!$A$2:$A$159,"<="&F18) -> 90.142857 | Q18: =AVERAGEIFS(Weather!$F$2:$F$159,Weather!$A$2:$A$159,">="&(F18-6),Weather!$A$2:$A$159,"<="&F18) -> 33.571429 | R18: =MAX(0,(N18-Inputs_General!$C$7)/Inputs_General!$C$8) -> 0.43392857 | S18: =O18+Inputs_General!$C$9*(N18-O18) -> 26.768571 | T18: =Q18+Inputs_General!$C$10*(P18-Q18) -> 50.542857 | U18: =0.6108*EXP(17.27*S18/(S18+237.3))*(1-T18/100) -> 1.7395155 | V18: =O18+Inputs_General!$C$11*(N18-O18) -> 28.62 | W18: =Q18+Inputs_General!$C$12*(P18-Q18) -> 42.057143 | X18: =0.6108*EXP(17.27*V18/(V18+237.3))*(1-W18/100) -> 2.2705192 | Y18: =V18+Inputs_General!$C$14-Inputs_General!$C$15*X18 -> 25.306013 | Z18: =V18+Inputs_General!$C$16 -> 32.62 | AA18: =IF(L18="V",Inputs_General!$C$17,IF(L18="F",Inputs_General!$C$18,Inputs_General!$C$19))+Inputs_General!$C$20*R18 -> 0.22169643 | AB18: =Inputs_Treatments!$C$5*Inputs_Treatments!$F$12*(1/(1+EXP(-(K18-Inputs_General!$C$27)/Inputs_General!$C$28)))*EXP(-((MAX(0,K18-Inputs_General!$C$29)/Inputs_General!$C$30)^2)) -> 2.925539 | AC18: =Inputs_Treatments!$G$5 -> 1 | AD18: =Inputs_Treatments!$D$12 -> 1 | AE18: =COUNTIFS(Weather!$K$2:$K$159,1,Weather!$A$2:$A$159,">="&(G18+36),Weather!$A$2:$A$159,"<="&F18) -> 5 | AF18: =Inputs_Treatments!$C$21*Inputs_Treatments!$E$12*Inputs_Treatments!$D$5 -> 20.16 | AG18: =IF(AF18<=0,"Healthy",IF(AF18<=5,"Very low",IF(AF18<=10,"Low",IF(AF18<=25,"Moderate",IF(AF18<=50,"High","Very high"))))) -> Moderate | AH18: =MATCH(AG18,Severity_Classes!$A$4:$A$9,0) -> 4 | AI18: ="Reference: healthy (uninoculated) control plot" -> Reference: healthy (uninoculated) control plot | AJ18: =IF(AND(I18<8,2>=4),"Unlikely (only via pre-inoculation natural infection)",IF(ABS(2-AH18)<=1,"Likely",IF(ABS(2-AH18)=2,"Possible","Unlikely"))) -> Possible | AK18: =IF(AND(I18<8,3>=4),"Unlikely (only via pre-inoculation natural infection)",IF(ABS(3-AH18)<=1,"Likely",IF(ABS(3-AH18)=2,"Possible","Unlikely"))) -> Likely | AL18: =IF(AND(I18<8,4>=4),"Unlikely (only via pre-inoculation natural infection)",IF(ABS(4-AH18)<=1,"Likely",IF(ABS(4-AH18)=2,"Possible","Unlikely"))) -> Likely | AM18: =IF(AND(I18<8,5>=4),"Unlikely (only via pre-inoculation natural infection)",IF(ABS(5-AH18)<=1,"Likely",IF(ABS(5-AH18)=2,"Possible","Unlikely"))) -> Likely | AN18: =IF(AND(I18<8,6>=4),"Unlikely (only via pre-inoculation natural infection)",IF(ABS(6-AH18)<=1,"Likely",IF(ABS(6-AH18)=2,"Possible","Unlikely"))) -> Possible
A19: =B19&"|"&E19 -> D2V1|13/03/2026 | B19: D2V1 | C19: D2 | D19: V1 | E19: 13/03/2026 | F19: =Inputs_Treatments!$B$22 -> 46094 | G19: =Inputs_Treatments!$B$5 -> 46009 | H19: =F19-G19 -> 85 | I19: =F19-Inputs_General!$C$6 -> 36 | J19: =SUMIFS(Weather!$H$2:$H$159,Weather!$A$2:$A$159,">="&G19,Weather!$A$2:$A$159,"<="&F19) -> 962.1 | K19: =J19-Inputs_General!$C$5 -> 852.1 | L19: P | M19: =IF(L19="V","3rd fully expanded leaf from top","5th fully expanded leaf from top") -> 5th fully expanded leaf from top | N19: =AVERAGEIFS(Weather!$B$2:$B$159,Weather!$A$2:$A$159,">="&(F19-6),Weather!$A$2:$A$159,"<="&F19) -> 34.628571 | O19: =AVERAGEIFS(Weather!$C$2:$C$159,Weather!$A$2:$A$159,">="&(F19-6),Weather!$A$2:$A$159,"<="&F19) -> 16.214286 | P19: =AVERAGEIFS(Weather!$E$2:$E$159,Weather!$A$2:$A$159,">="&(F19-6),Weather!$A$2:$A$159,"<="&F19) -> 90.714286 | Q19: =AVERAGEIFS(Weather!$F$2:$F$159,Weather!$A$2:$A$159,">="&(F19-6),Weather!$A$2:$A$159,"<="&F19) -> 34.142857 | R19: =MAX(0,(N19-Inputs_General!$C$7)/Inputs_General!$C$8) -> 0.95357143 | S19: =O19+Inputs_General!$C$9*(N19-O19) -> 30.945714 | T19: =Q19+Inputs_General!$C$10*(P19-Q19) -> 51.114286 | U19: =0.6108*EXP(17.27*S19/(S19+237.3))*(1-T19/100) -> 2.1894574 | V19: =O19+Inputs_General!$C$11*(N19-O19) -> 32.787143 | W19: =Q19+Inputs_General!$C$12*(P19-Q19) -> 42.628571 | X19: =0.6108*EXP(17.27*V19/(V19+237.3))*(1-W19/100) -> 2.8515899 | Y19: =V19+Inputs_General!$C$14-Inputs_General!$C$15*X19 -> 28.369122 | Z19: =V19+Inputs_General!$C$16 -> 36.787143 | AA19: =IF(L19="V",Inputs_General!$C$17,IF(L19="F",Inputs_General!$C$18,Inputs_General!$C$19))+Inputs_General!$C$20*R19 -> 0.34767857 | AB19: =Inputs_Treatments!$C$5*Inputs_Treatments!$F$12*(1/(1+EXP(-(K19-Inputs_General!$C$27)/Inputs_General!$C$28)))*EXP(-((MAX(0,K19-Inputs_General!$C$29)/Inputs_General!$C$30)^2)) -> 2.9338338 | AC19: =Inputs_Treatments!$H$5 -> 1 | AD19: =Inputs_Treatments!$D$12 -> 1 | AE19: =COUNTIFS(Weather!$K$2:$K$159,1,Weather!$A$2:$A$159,">="&(G19+36),Weather!$A$2:$A$159,"<="&F19) -> 5 | AF19: =Inputs_Treatments!$C$22*Inputs_Treatments!$E$12*Inputs_Treatments!$D$5 -> 25.2 | AG19: =IF(AF19<=0,"Healthy",IF(AF19<=5,"Very low",IF(AF19<=10,"Low",IF(AF19<=25,"Moderate",IF(AF19<=50,"High","Very high"))))) -> High | AH19: =MATCH(AG19,Severity_Classes!$A$4:$A$9,0) -> 5 | AI19: ="Reference: healthy (uninoculated) control plot" -> Reference: healthy (uninoculated) control plot | AJ19: =IF(AND(I19<8,2>=4),"Unlikely (only via pre-inoculation natural infection)",IF(ABS(2-AH19)<=1,"Likely",IF(ABS(2-AH19)=2,"Possible","Unlikely"))) -> Unlikely | AK19: =IF(AND(I19<8,3>=4),"Unlikely (only via pre-inoculation natural infection)",IF(ABS(3-AH19)<=1,"Likely",IF(ABS(3-AH19)=2,"Possible","Unlikely"))) -> Possible | AL19: =IF(AND(I19<8,4>=4),"Unlikely (only via pre-inoculation natural infection)",IF(ABS(4-AH19)<=1,"Likely",IF(ABS(4-AH19)=2,"Possible","Unlikely"))) -> Likely | AM19: =IF(AND(I19<8,5>=4),"Unlikely (only via pre-inoculation natural infection)",IF(ABS(5-AH19)<=1,"Likely",IF(ABS(5-AH19)=2,"Possible","Unlikely"))) -> Likely | AN19: =IF(AND(I19<8,6>=4),"Unlikely (only via pre-inoculation natural infection)",IF(ABS(6-AH19)<=1,"Likely",IF(ABS(6-AH19)=2,"Possible","Unlikely"))) -> Likely
A20: =B20&"|"&E20 -> D2V2|11/02/2026 | B20: D2V2 | C20: D2 | D20: V2 | E20: 11/02/2026 | F20: =Inputs_Treatments!$B$19 -> 46064 | G20: =Inputs_Treatments!$B$5 -> 46009 | H20: =F20-G20 -> 55 | I20: =F20-Inputs_General!$C$6 -> 6 | J20: =SUMIFS(Weather!$H$2:$H$159,Weather!$A$2:$A$159,">="&G20,Weather!$A$2:$A$159,"<="&F20) -> 475.7 | K20: =J20-Inputs_General!$C$5 -> 365.7 | L20: V | M20: =IF(L20="V","3rd fully expanded leaf from top","5th fully expanded leaf from top") -> 3rd fully expanded leaf from top | N20: =AVERAGEIFS(Weather!$B$2:$B$159,Weather!$A$2:$A$159,">="&(F20-6),Weather!$A$2:$A$159,"<="&F20) -> 24.142857 | O20: =AVERAGEIFS(Weather!$C$2:$C$159,Weather!$A$2:$A$159,">="&(F20-6),Weather!$A$2:$A$159,"<="&F20) -> 8.9714286 | P20: =AVERAGEIFS(Weather!$E$2:$E$159,Weather!$A$2:$A$159,">="&(F20-6),Weather!$A$2:$A$159,"<="&F20) -> 94.142857 | Q20: =AVERAGEIFS(Weather!$F$2:$F$159,Weather!$A$2:$A$159,">="&(F20-6),Weather!$A$2:$A$159,"<="&F20) -> 49 | R20: =MAX(0,(N20-Inputs_General!$C$7)/Inputs_General!$C$8) -> 0 | S20: =O20+Inputs_General!$C$9*(N20-O20) -> 21.108571 | T20: =Q20+Inputs_General!$C$10*(P20-Q20) -> 62.542857 | U20: =0.6108*EXP(17.27*S20/(S20+237.3))*(1-T20/100) -> 0.93779182 | V20: =O20+Inputs_General!$C$11*(N20-O20) -> 22.625714 | W20: =Q20+Inputs_General!$C$12*(P20-Q20) -> 55.771429 | X20: =0.6108*EXP(17.27*V20/(V20+237.3))*(1-W20/100) -> 1.2147207 | Y20: =V20+Inputs_General!$C$14-Inputs_General!$C$15*X20 -> 21.317745 | Z20: =V20+Inputs_General!$C$16 -> 26.625714 | AA20: =IF(L20="V",Inputs_General!$C$17,IF(L20="F",Inputs_General!$C$18,Inputs_General!$C$19))+Inputs_General!$C$20*R20 -> 0.12 | AB20: =Inputs_Treatments!$C$5*Inputs_Treatments!$F$13*(1/(1+EXP(-(K20-Inputs_General!$C$27)/Inputs_General!$C$28)))*EXP(-((MAX(0,K20-Inputs_General!$C$29)/Inputs_General!$C$30)^2)) -> 1.8826049 | AC20: =Inputs_Treatments!$E$5 -> 1.05 | AD20: =Inputs_Treatments!$D$13 -> 1.1 | AE20: =COUNTIFS(Weather!$K$2:$K$159,1,Weather!$A$2:$A$159,">="&(G20+36),Weather!$A$2:$A$159,"<="&F20) -> 5 | AF20: =Inputs_Treatments!$C$19*Inputs_Treatments!$E$13*Inputs_Treatments!$D$5 -> 2.7 | AG20: =IF(AF20<=0,"Healthy",IF(AF20<=5,"Very low",IF(AF20<=10,"Low",IF(AF20<=25,"Moderate",IF(AF20<=50,"High","Very high"))))) -> Very low | AH20: =MATCH(AG20,Severity_Classes!$A$4:$A$9,0) -> 2 | AI20: ="Reference: healthy (uninoculated) control plot" -> Reference: healthy (uninoculated) control plot | AJ20: =IF(AND(I20<8,2>=4),"Unlikely (only via pre-inoculation natural infection)",IF(ABS(2-AH20)<=1,"Likely",IF(ABS(2-AH20)=2,"Possible","Unlikely"))) -> Likely | AK20: =IF(AND(I20<8,3>=4),"Unlikely (only via pre-inoculation natural infection)",IF(ABS(3-AH20)<=1,"Likely",IF(ABS(3-AH20)=2,"Possible","Unlikely"))) -> Likely | AL20: =IF(AND(I20<8,4>=4),"Unlikely (only via pre-inoculation natural infection)",IF(ABS(4-AH20)<=1,"Likely",IF(ABS(4-AH20)=2,"Possible","Unlikely"))) -> Unlikely (only via pre-inoculation natural infection) | AM20: =IF(AND(I20<8,5>=4),"Unlikely (only via pre-inoculation natural infection)",IF(ABS(5-AH20)<=1,"Likely",IF(ABS(5-AH20)=2,"Possible","Unlikely"))) -> Unlikely (only via pre-inoculation natural infection) | AN20: =IF(AND(I20<8,6>=4),"Unlikely (only via pre-inoculation natural infection)",IF(ABS(6-AH20)<=1,"Likely",IF(ABS(6-AH20)=2,"Possible","Unlikely"))) -> Unlikely (only via pre-inoculation natural infection)
A21: =B21&"|"&E21 -> D2V2|24/02/2026 | B21: D2V2 | C21: D2 | D21: V2 | E21: 24/02/2026 | F21: =Inputs_Treatments!$B$20 -> 46077 | G21: =Inputs_Treatments!$B$5 -> 46009 | H21: =F21-G21 -> 68 | I21: =F21-Inputs_General!$C$6 -> 19 | J21: =SUMIFS(Weather!$H$2:$H$159,Weather!$A$2:$A$159,">="&G21,Weather!$A$2:$A$159,"<="&F21) -> 650.6 | K21: =J21-Inputs_General!$C$5 -> 540.6 | L21: F | M21: =IF(L21="V","3rd fully expanded leaf from top","5th fully expanded leaf from top") -> 5th fully expanded leaf from top | N21: =AVERAGEIFS(Weather!$B$2:$B$159,Weather!$A$2:$A$159,">="&(F21-6),Weather!$A$2:$A$159,"<="&F21) -> 27.185714 | O21: =AVERAGEIFS(Weather!$C$2:$C$159,Weather!$A$2:$A$159,">="&(F21-6),Weather!$A$2:$A$159,"<="&F21) -> 11.114286 | P21: =AVERAGEIFS(Weather!$E$2:$E$159,Weather!$A$2:$A$159,">="&(F21-6),Weather!$A$2:$A$159,"<="&F21) -> 94.285714 | Q21: =AVERAGEIFS(Weather!$F$2:$F$159,Weather!$A$2:$A$159,">="&(F21-6),Weather!$A$2:$A$159,"<="&F21) -> 45.142857 | R21: =MAX(0,(N21-Inputs_General!$C$7)/Inputs_General!$C$8) -> 0.023214286 | S21: =O21+Inputs_General!$C$9*(N21-O21) -> 23.971429 | T21: =Q21+Inputs_General!$C$10*(P21-Q21) -> 59.885714 | U21: =0.6108*EXP(17.27*S21/(S21+237.3))*(1-T21/100) -> 1.194926 | V21: =O21+Inputs_General!$C$11*(N21-O21) -> 25.578571 | W21: =Q21+Inputs_General!$C$12*(P21-Q21) -> 52.514286 | X21: =0.6108*EXP(17.27*V21/(V21+237.3))*(1-W21/100) -> 1.5568678 | Y21: =V21+Inputs_General!$C$14-Inputs_General!$C$15*X21 -> 23.620523 | Z21: =V21+Inputs_General!$C$16 -> 29.578571 | AA21: =IF(L21="V",Inputs_General!$C$17,IF(L21="F",Inputs_General!$C$18,Inputs_General!$C$19))+Inputs_General!$C$20*R21 -> 0.20116071 | AB21: =Inputs_Treatments!$C$5*Inputs_Treatments!$F$13*(1/(1+EXP(-(K21-Inputs_General!$C$27)/Inputs_General!$C$28)))*EXP(-((MAX(0,K21-Inputs_General!$C$29)/Inputs_General!$C$30)^2)) -> 2.8527519 | AC21: =Inputs_Treatments!$F$5 -> 1 | AD21: =Inputs_Treatments!$D$13 -> 1.1 | AE21: =COUNTIFS(Weather!$K$2:$K$159,1,Weather!$A$2:$A$159,">="&(G21+36),Weather!$A$2:$A$159,"<="&F21) -> 5 | AF21: =Inputs_Treatments!$C$20*Inputs_Treatments!$E$13*Inputs_Treatments!$D$5 -> 16.2 | AG21: =IF(AF21<=0,"Healthy",IF(AF21<=5,"Very low",IF(AF21<=10,"Low",IF(AF21<=25,"Moderate",IF(AF21<=50,"High","Very high"))))) -> Moderate | AH21: =MATCH(AG21,Severity_Classes!$A$4:$A$9,0) -> 4 | AI21: ="Reference: healthy (uninoculated) control plot" -> Reference: healthy (uninoculated) control plot | AJ21: =IF(AND(I21<8,2>=4),"Unlikely (only via pre-inoculation natural infection)",IF(ABS(2-AH21)<=1,"Likely",IF(ABS(2-AH21)=2,"Possible","Unlikely"))) -> Possible | AK21: =IF(AND(I21<8,3>=4),"Unlikely (only via pre-inoculation natural infection)",IF(ABS(3-AH21)<=1,"Likely",IF(ABS(3-AH21)=2,"Possible","Unlikely"))) -> Likely | AL21: =IF(AND(I21<8,4>=4),"Unlikely (only via pre-inoculation natural infection)",IF(ABS(4-AH21)<=1,"Likely",IF(ABS(4-AH21)=2,"Possible","Unlikely"))) -> Likely | AM21: =IF(AND(I21<8,5>=4),"Unlikely (only via pre-inoculation natural infection)",IF(ABS(5-AH21)<=1,"Likely",IF(ABS(5-AH21)=2,"Possible","Unlikely"))) -> Likely | AN21: =IF(AND(I21<8,6>=4),"Unlikely (only via pre-inoculation natural infection)",IF(ABS(6-AH21)<=1,"Likely",IF(ABS(6-AH21)=2,"Possible","Unlikely"))) -> Possible
A22: =B22&"|"&E22 -> D2V2|03/03/2026 | B22: D2V2 | C22: D2 | D22: V2 | E22: 03/03/2026 | F22: =Inputs_Treatments!$B$21 -> 46084 | G22: =Inputs_Treatments!$B$5 -> 46009 | H22: =F22-G22 -> 75 | I22: =F22-Inputs_General!$C$6 -> 26 | J22: =SUMIFS(Weather!$H$2:$H$159,Weather!$A$2:$A$159,">="&G22,Weather!$A$2:$A$159,"<="&F22) -> 764.1 | K22: =J22-Inputs_General!$C$5 -> 654.1 | L22: F | M22: =IF(L22="V","3rd fully expanded leaf from top","5th fully expanded leaf from top") -> 5th fully expanded leaf from top | N22: =AVERAGEIFS(Weather!$B$2:$B$159,Weather!$A$2:$A$159,">="&(F22-6),Weather!$A$2:$A$159,"<="&F22) -> 30.471429 | O22: =AVERAGEIFS(Weather!$C$2:$C$159,Weather!$A$2:$A$159,">="&(F22-6),Weather!$A$2:$A$159,"<="&F22) -> 11.957143 | P22: =AVERAGEIFS(Weather!$E$2:$E$159,Weather!$A$2:$A$159,">="&(F22-6),Weather!$A$2:$A$159,"<="&F22) -> 90.142857 | Q22: =AVERAGEIFS(Weather!$F$2:$F$159,Weather!$A$2:$A$159,">="&(F22-6),Weather!$A$2:$A$159,"<="&F22) -> 33.571429 | R22: =MAX(0,(N22-Inputs_General!$C$7)/Inputs_General!$C$8) -> 0.43392857 | S22: =O22+Inputs_General!$C$9*(N22-O22) -> 26.768571 | T22: =Q22+Inputs_General!$C$10*(P22-Q22) -> 50.542857 | U22: =0.6108*EXP(17.27*S22/(S22+237.3))*(1-T22/100) -> 1.7395155 | V22: =O22+Inputs_General!$C$11*(N22-O22) -> 28.62 | W22: =Q22+Inputs_General!$C$12*(P22-Q22) -> 42.057143 | X22: =0.6108*EXP(17.27*V22/(V22+237.3))*(1-W22/100) -> 2.2705192 | Y22: =V22+Inputs_General!$C$14-Inputs_General!$C$15*X22 -> 25.306013 | Z22: =V22+Inputs_General!$C$16 -> 32.62 | AA22: =IF(L22="V",Inputs_General!$C$17,IF(L22="F",Inputs_General!$C$18,Inputs_General!$C$19))+Inputs_General!$C$20*R22 -> 0.22169643 | AB22: =Inputs_Treatments!$C$5*Inputs_Treatments!$F$13*(1/(1+EXP(-(K22-Inputs_General!$C$27)/Inputs_General!$C$28)))*EXP(-((MAX(0,K22-Inputs_General!$C$29)/Inputs_General!$C$30)^2)) -> 3.0795148 | AC22: =Inputs_Treatments!$G$5 -> 1 | AD22: =Inputs_Treatments!$D$13 -> 1.1 | AE22: =COUNTIFS(Weather!$K$2:$K$159,1,Weather!$A$2:$A$159,">="&(G22+36),Weather!$A$2:$A$159,"<="&F22) -> 5 | AF22: =Inputs_Treatments!$C$21*Inputs_Treatments!$E$13*Inputs_Treatments!$D$5 -> 25.2 | AG22: =IF(AF22<=0,"Healthy",IF(AF22<=5,"Very low",IF(AF22<=10,"Low",IF(AF22<=25,"Moderate",IF(AF22<=50,"High","Very high"))))) -> High | AH22: =MATCH(AG22,Severity_Classes!$A$4:$A$9,0) -> 5 | AI22: ="Reference: healthy (uninoculated) control plot" -> Reference: healthy (uninoculated) control plot | AJ22: =IF(AND(I22<8,2>=4),"Unlikely (only via pre-inoculation natural infection)",IF(ABS(2-AH22)<=1,"Likely",IF(ABS(2-AH22)=2,"Possible","Unlikely"))) -> Unlikely | AK22: =IF(AND(I22<8,3>=4),"Unlikely (only via pre-inoculation natural infection)",IF(ABS(3-AH22)<=1,"Likely",IF(ABS(3-AH22)=2,"Possible","Unlikely"))) -> Possible | AL22: =IF(AND(I22<8,4>=4),"Unlikely (only via pre-inoculation natural infection)",IF(ABS(4-AH22)<=1,"Likely",IF(ABS(4-AH22)=2,"Possible","Unlikely"))) -> Likely | AM22: =IF(AND(I22<8,5>=4),"Unlikely (only via pre-inoculation natural infection)",IF(ABS(5-AH22)<=1,"Likely",IF(ABS(5-AH22)=2,"Possible","Unlikely"))) -> Likely | AN22: =IF(AND(I22<8,6>=4),"Unlikely (only via pre-inoculation natural infection)",IF(ABS(6-AH22)<=1,"Likely",IF(ABS(6-AH22)=2,"Possible","Unlikely"))) -> Likely
A23: =B23&"|"&E23 -> D2V2|13/03/2026 | B23: D2V2 | C23: D2 | D23: V2 | E23: 13/03/2026 | F23: =Inputs_Treatments!$B$22 -> 46094 | G23: =Inputs_Treatments!$B$5 -> 46009 | H23: =F23-G23 -> 85 | I23: =F23-Inputs_General!$C$6 -> 36 | J23: =SUMIFS(Weather!$H$2:$H$159,Weather!$A$2:$A$159,">="&G23,Weather!$A$2:$A$159,"<="&F23) -> 962.1 | K23: =J23-Inputs_General!$C$5 -> 852.1 | L23: P | M23: =IF(L23="V","3rd fully expanded leaf from top","5th fully expanded leaf from top") -> 5th fully expanded leaf from top | N23: =AVERAGEIFS(Weather!$B$2:$B$159,Weather!$A$2:$A$159,">="&(F23-6),Weather!$A$2:$A$159,"<="&F23) -> 34.628571 | O23: =AVERAGEIFS(Weather!$C$2:$C$159,Weather!$A$2:$A$159,">="&(F23-6),Weather!$A$2:$A$159,"<="&F23) -> 16.214286 | P23: =AVERAGEIFS(Weather!$E$2:$E$159,Weather!$A$2:$A$159,">="&(F23-6),Weather!$A$2:$A$159,"<="&F23) -> 90.714286 | Q23: =AVERAGEIFS(Weather!$F$2:$F$159,Weather!$A$2:$A$159,">="&(F23-6),Weather!$A$2:$A$159,"<="&F23) -> 34.142857 | R23: =MAX(0,(N23-Inputs_General!$C$7)/Inputs_General!$C$8) -> 0.95357143 | S23: =O23+Inputs_General!$C$9*(N23-O23) -> 30.945714 | T23: =Q23+Inputs_General!$C$10*(P23-Q23) -> 51.114286 | U23: =0.6108*EXP(17.27*S23/(S23+237.3))*(1-T23/100) -> 2.1894574 | V23: =O23+Inputs_General!$C$11*(N23-O23) -> 32.787143 | W23: =Q23+Inputs_General!$C$12*(P23-Q23) -> 42.628571 | X23: =0.6108*EXP(17.27*V23/(V23+237.3))*(1-W23/100) -> 2.8515899 | Y23: =V23+Inputs_General!$C$14-Inputs_General!$C$15*X23 -> 28.369122 | Z23: =V23+Inputs_General!$C$16 -> 36.787143 | AA23: =IF(L23="V",Inputs_General!$C$17,IF(L23="F",Inputs_General!$C$18,Inputs_General!$C$19))+Inputs_General!$C$20*R23 -> 0.34767857 | AB23: =Inputs_Treatments!$C$5*Inputs_Treatments!$F$13*(1/(1+EXP(-(K23-Inputs_General!$C$27)/Inputs_General!$C$28)))*EXP(-((MAX(0,K23-Inputs_General!$C$29)/Inputs_General!$C$30)^2)) -> 3.0882461 | AC23: =Inputs_Treatments!$H$5 -> 1 | AD23: =Inputs_Treatments!$D$13 -> 1.1 | AE23: =COUNTIFS(Weather!$K$2:$K$159,1,Weather!$A$2:$A$159,">="&(G23+36),Weather!$A$2:$A$159,"<="&F23) -> 5 | AF23: =Inputs_Treatments!$C$22*Inputs_Treatments!$E$13*Inputs_Treatments!$D$5 -> 31.5 | AG23: =IF(AF23<=0,"Healthy",IF(AF23<=5,"Very low",IF(AF23<=10,"Low",IF(AF23<=25,"Moderate",IF(AF23<=50,"High","Very high"))))) -> High | AH23: =MATCH(AG23,Severity_Classes!$A$4:$A$9,0) -> 5 | AI23: ="Reference: healthy (uninoculated) control plot" -> Reference: healthy (uninoculated) control plot | AJ23: =IF(AND(I23<8,2>=4),"Unlikely (only via pre-inoculation natural infection)",IF(ABS(2-AH23)<=1,"Likely",IF(ABS(2-AH23)=2,"Possible","Unlikely"))) -> Unlikely | AK23: =IF(AND(I23<8,3>=4),"Unlikely (only via pre-inoculation natural infection)",IF(ABS(3-AH23)<=1,"Likely",IF(ABS(3-AH23)=2,"Possible","Unlikely"))) -> Possible | AL23: =IF(AND(I23<8,4>=4),"Unlikely (only via pre-inoculation natural infection)",IF(ABS(4-AH23)<=1,"Likely",IF(ABS(4-AH23)=2,"Possible","Unlikely"))) -> Likely | AM23: =IF(AND(I23<8,5>=4),"Unlikely (only via pre-inoculation natural infection)",IF(ABS(5-AH23)<=1,"Likely",IF(ABS(5-AH23)=2,"Possible","Unlikely"))) -> Likely | AN23: =IF(AND(I23<8,6>=4),"Unlikely (only via pre-inoculation natural infection)",IF(ABS(6-AH23)<=1,"Likely",IF(ABS(6-AH23)=2,"Possible","Unlikely"))) -> Likely
A24: =B24&"|"&E24 -> D2V3|11/02/2026 | B24: D2V3 | C24: D2 | D24: V3 | E24: 11/02/2026 | F24: =Inputs_Treatments!$B$19 -> 46064 | G24: =Inputs_Treatments!$B$5 -> 46009 | H24: =F24-G24 -> 55 | I24: =F24-Inputs_General!$C$6 -> 6 | J24: =SUMIFS(Weather!$H$2:$H$159,Weather!$A$2:$A$159,">="&G24,Weather!$A$2:$A$159,"<="&F24) -> 475.7 | K24: =J24-Inputs_General!$C$5 -> 365.7 | L24: V | M24: =IF(L24="V","3rd fully expanded leaf from top","5th fully expanded leaf from top") -> 3rd fully expanded leaf from top | N24: =AVERAGEIFS(Weather!$B$2:$B$159,Weather!$A$2:$A$159,">="&(F24-6),Weather!$A$2:$A$159,"<="&F24) -> 24.142857 | O24: =AVERAGEIFS(Weather!$C$2:$C$159,Weather!$A$2:$A$159,">="&(F24-6),Weather!$A$2:$A$159,"<="&F24) -> 8.9714286 | P24: =AVERAGEIFS(Weather!$E$2:$E$159,Weather!$A$2:$A$159,">="&(F24-6),Weather!$A$2:$A$159,"<="&F24) -> 94.142857 | Q24: =AVERAGEIFS(Weather!$F$2:$F$159,Weather!$A$2:$A$159,">="&(F24-6),Weather!$A$2:$A$159,"<="&F24) -> 49 | R24: =MAX(0,(N24-Inputs_General!$C$7)/Inputs_General!$C$8) -> 0 | S24: =O24+Inputs_General!$C$9*(N24-O24) -> 21.108571 | T24: =Q24+Inputs_General!$C$10*(P24-Q24) -> 62.542857 | U24: =0.6108*EXP(17.27*S24/(S24+237.3))*(1-T24/100) -> 0.93779182 | V24: =O24+Inputs_General!$C$11*(N24-O24) -> 22.625714 | W24: =Q24+Inputs_General!$C$12*(P24-Q24) -> 55.771429 | X24: =0.6108*EXP(17.27*V24/(V24+237.3))*(1-W24/100) -> 1.2147207 | Y24: =V24+Inputs_General!$C$14-Inputs_General!$C$15*X24 -> 21.317745 | Z24: =V24+Inputs_General!$C$16 -> 26.625714 | AA24: =IF(L24="V",Inputs_General!$C$17,IF(L24="F",Inputs_General!$C$18,Inputs_General!$C$19))+Inputs_General!$C$20*R24 -> 0.12 | AB24: =Inputs_Treatments!$C$5*Inputs_Treatments!$F$14*(1/(1+EXP(-(K24-Inputs_General!$C$27)/Inputs_General!$C$28)))*EXP(-((MAX(0,K24-Inputs_General!$C$29)/Inputs_General!$C$30)^2)) -> 1.8826049 | AC24: =Inputs_Treatments!$E$5 -> 1.05 | AD24: =Inputs_Treatments!$D$14 -> 0.85 | AE24: =COUNTIFS(Weather!$K$2:$K$159,1,Weather!$A$2:$A$159,">="&(G24+36),Weather!$A$2:$A$159,"<="&F24) -> 5 | AF24: =Inputs_Treatments!$C$19*Inputs_Treatments!$E$14*Inputs_Treatments!$D$5 -> 1.35 | AG24: =IF(AF24<=0,"Healthy",IF(AF24<=5,"Very low",IF(AF24<=10,"Low",IF(AF24<=25,"Moderate",IF(AF24<=50,"High","Very high"))))) -> Very low | AH24: =MATCH(AG24,Severity_Classes!$A$4:$A$9,0) -> 2 | AI24: ="Reference: healthy (uninoculated) control plot" -> Reference: healthy (uninoculated) control plot | AJ24: =IF(AND(I24<8,2>=4),"Unlikely (only via pre-inoculation natural infection)",IF(ABS(2-AH24)<=1,"Likely",IF(ABS(2-AH24)=2,"Possible","Unlikely"))) -> Likely | AK24: =IF(AND(I24<8,3>=4),"Unlikely (only via pre-inoculation natural infection)",IF(ABS(3-AH24)<=1,"Likely",IF(ABS(3-AH24)=2,"Possible","Unlikely"))) -> Likely | AL24: =IF(AND(I24<8,4>=4),"Unlikely (only via pre-inoculation natural infection)",IF(ABS(4-AH24)<=1,"Likely",IF(ABS(4-AH24)=2,"Possible","Unlikely"))) -> Unlikely (only via pre-inoculation natural infection) | AM24: =IF(AND(I24<8,5>=4),"Unlikely (only via pre-inoculation natural infection)",IF(ABS(5-AH24)<=1,"Likely",IF(ABS(5-AH24)=2,"Possible","Unlikely"))) -> Unlikely (only via pre-inoculation natural infection) | AN24: =IF(AND(I24<8,6>=4),"Unlikely (only via pre-inoculation natural infection)",IF(ABS(6-AH24)<=1,"Likely",IF(ABS(6-AH24)=2,"Possible","Unlikely"))) -> Unlikely (only via pre-inoculation natural infection)
A25: =B25&"|"&E25 -> D2V3|24/02/2026 | B25: D2V3 | C25: D2 | D25: V3 | E25: 24/02/2026 | F25: =Inputs_Treatments!$B$20 -> 46077 | G25: =Inputs_Treatments!$B$5 -> 46009 | H25: =F25-G25 -> 68 | I25: =F25-Inputs_General!$C$6 -> 19 | J25: =SUMIFS(Weather!$H$2:$H$159,Weather!$A$2:$A$159,">="&G25,Weather!$A$2:$A$159,"<="&F25) -> 650.6 | K25: =J25-Inputs_General!$C$5 -> 540.6 | L25: F | M25: =IF(L25="V","3rd fully expanded leaf from top","5th fully expanded leaf from top") -> 5th fully expanded leaf from top | N25: =AVERAGEIFS(Weather!$B$2:$B$159,Weather!$A$2:$A$159,">="&(F25-6),Weather!$A$2:$A$159,"<="&F25) -> 27.185714 | O25: =AVERAGEIFS(Weather!$C$2:$C$159,Weather!$A$2:$A$159,">="&(F25-6),Weather!$A$2:$A$159,"<="&F25) -> 11.114286 | P25: =AVERAGEIFS(Weather!$E$2:$E$159,Weather!$A$2:$A$159,">="&(F25-6),Weather!$A$2:$A$159,"<="&F25) -> 94.285714 | Q25: =AVERAGEIFS(Weather!$F$2:$F$159,Weather!$A$2:$A$159,">="&(F25-6),Weather!$A$2:$A$159,"<="&F25) -> 45.142857 | R25: =MAX(0,(N25-Inputs_General!$C$7)/Inputs_General!$C$8) -> 0.023214286 | S25: =O25+Inputs_General!$C$9*(N25-O25) -> 23.971429 | T25: =Q25+Inputs_General!$C$10*(P25-Q25) -> 59.885714 | U25: =0.6108*EXP(17.27*S25/(S25+237.3))*(1-T25/100) -> 1.194926 | V25: =O25+Inputs_General!$C$11*(N25-O25) -> 25.578571 | W25: =Q25+Inputs_General!$C$12*(P25-Q25) -> 52.514286 | X25: =0.6108*EXP(17.27*V25/(V25+237.3))*(1-W25/100) -> 1.5568678 | Y25: =V25+Inputs_General!$C$14-Inputs_General!$C$15*X25 -> 23.620523 | Z25: =V25+Inputs_General!$C$16 -> 29.578571 | AA25: =IF(L25="V",Inputs_General!$C$17,IF(L25="F",Inputs_General!$C$18,Inputs_General!$C$19))+Inputs_General!$C$20*R25 -> 0.20116071 | AB25: =Inputs_Treatments!$C$5*Inputs_Treatments!$F$14*(1/(1+EXP(-(K25-Inputs_General!$C$27)/Inputs_General!$C$28)))*EXP(-((MAX(0,K25-Inputs_General!$C$29)/Inputs_General!$C$30)^2)) -> 2.8527519 | AC25: =Inputs_Treatments!$F$5 -> 1 | AD25: =Inputs_Treatments!$D$14 -> 0.85 | AE25: =COUNTIFS(Weather!$K$2:$K$159,1,Weather!$A$2:$A$159,">="&(G25+36),Weather!$A$2:$A$159,"<="&F25) -> 5 | AF25: =Inputs_Treatments!$C$20*Inputs_Treatments!$E$14*Inputs_Treatments!$D$5 -> 8.1 | AG25: =IF(AF25<=0,"Healthy",IF(AF25<=5,"Very low",IF(AF25<=10,"Low",IF(AF25<=25,"Moderate",IF(AF25<=50,"High","Very high"))))) -> Low | AH25: =MATCH(AG25,Severity_Classes!$A$4:$A$9,0) -> 3 | AI25: ="Reference: healthy (uninoculated) control plot" -> Reference: healthy (uninoculated) control plot | AJ25: =IF(AND(I25<8,2>=4),"Unlikely (only via pre-inoculation natural infection)",IF(ABS(2-AH25)<=1,"Likely",IF(ABS(2-AH25)=2,"Possible","Unlikely"))) -> Likely | AK25: =IF(AND(I25<8,3>=4),"Unlikely (only via pre-inoculation natural infection)",IF(ABS(3-AH25)<=1,"Likely",IF(ABS(3-AH25)=2,"Possible","Unlikely"))) -> Likely | AL25: =IF(AND(I25<8,4>=4),"Unlikely (only via pre-inoculation natural infection)",IF(ABS(4-AH25)<=1,"Likely",IF(ABS(4-AH25)=2,"Possible","Unlikely"))) -> Likely | AM25: =IF(AND(I25<8,5>=4),"Unlikely (only via pre-inoculation natural infection)",IF(ABS(5-AH25)<=1,"Likely",IF(ABS(5-AH25)=2,"Possible","Unlikely"))) -> Possible | AN25: =IF(AND(I25<8,6>=4),"Unlikely (only via pre-inoculation natural infection)",IF(ABS(6-AH25)<=1,"Likely",IF(ABS(6-AH25)=2,"Possible","Unlikely"))) -> Unlikely
A26: =B26&"|"&E26 -> D2V3|03/03/2026 | B26: D2V3 | C26: D2 | D26: V3 | E26: 03/03/2026 | F26: =Inputs_Treatments!$B$21 -> 46084 | G26: =Inputs_Treatments!$B$5 -> 46009 | H26: =F26-G26 -> 75 | I26: =F26-Inputs_General!$C$6 -> 26 | J26: =SUMIFS(Weather!$H$2:$H$159,Weather!$A$2:$A$159,">="&G26,Weather!$A$2:$A$159,"<="&F26) -> 764.1 | K26: =J26-Inputs_General!$C$5 -> 654.1 | L26: F | M26: =IF(L26="V","3rd fully expanded leaf from top","5th fully expanded leaf from top") -> 5th fully expanded leaf from top | N26: =AVERAGEIFS(Weather!$B$2:$B$159,Weather!$A$2:$A$159,">="&(F26-6),Weather!$A$2:$A$159,"<="&F26) -> 30.471429 | O26: =AVERAGEIFS(Weather!$C$2:$C$159,Weather!$A$2:$A$159,">="&(F26-6),Weather!$A$2:$A$159,"<="&F26) -> 11.957143 | P26: =AVERAGEIFS(Weather!$E$2:$E$159,Weather!$A$2:$A$159,">="&(F26-6),Weather!$A$2:$A$159,"<="&F26) -> 90.142857 | Q26: =AVERAGEIFS(Weather!$F$2:$F$159,Weather!$A$2:$A$159,">="&(F26-6),Weather!$A$2:$A$159,"<="&F26) -> 33.571429 | R26: =MAX(0,(N26-Inputs_General!$C$7)/Inputs_General!$C$8) -> 0.43392857 | S26: =O26+Inputs_General!$C$9*(N26-O26) -> 26.768571 | T26: =Q26+Inputs_General!$C$10*(P26-Q26) -> 50.542857 | U26: =0.6108*EXP(17.27*S26/(S26+237.3))*(1-T26/100) -> 1.7395155 | V26: =O26+Inputs_General!$C$11*(N26-O26) -> 28.62 | W26: =Q26+Inputs_General!$C$12*(P26-Q26) -> 42.057143 | X26: =0.6108*EXP(17.27*V26/(V26+237.3))*(1-W26/100) -> 2.2705192 | Y26: =V26+Inputs_General!$C$14-Inputs_General!$C$15*X26 -> 25.306013 | Z26: =V26+Inputs_General!$C$16 -> 32.62 | AA26: =IF(L26="V",Inputs_General!$C$17,IF(L26="F",Inputs_General!$C$18,Inputs_General!$C$19))+Inputs_General!$C$20*R26 -> 0.22169643 | AB26: =Inputs_Treatments!$C$5*Inputs_Treatments!$F$14*(1/(1+EXP(-(K26-Inputs_General!$C$27)/Inputs_General!$C$28)))*EXP(-((MAX(0,K26-Inputs_General!$C$29)/Inputs_General!$C$30)^2)) -> 3.0795148 | AC26: =Inputs_Treatments!$G$5 -> 1 | AD26: =Inputs_Treatments!$D$14 -> 0.85 | AE26: =COUNTIFS(Weather!$K$2:$K$159,1,Weather!$A$2:$A$159,">="&(G26+36),Weather!$A$2:$A$159,"<="&F26) -> 5 | AF26: =Inputs_Treatments!$C$21*Inputs_Treatments!$E$14*Inputs_Treatments!$D$5 -> 12.6 | AG26: =IF(AF26<=0,"Healthy",IF(AF26<=5,"Very low",IF(AF26<=10,"Low",IF(AF26<=25,"Moderate",IF(AF26<=50,"High","Very high"))))) -> Moderate | AH26: =MATCH(AG26,Severity_Classes!$A$4:$A$9,0) -> 4 | AI26: ="Reference: healthy (uninoculated) control plot" -> Reference: healthy (uninoculated) control plot | AJ26: =IF(AND(I26<8,2>=4),"Unlikely (only via pre-inoculation natural infection)",IF(ABS(2-AH26)<=1,"Likely",IF(ABS(2-AH26)=2,"Possible","Unlikely"))) -> Possible | AK26: =IF(AND(I26<8,3>=4),"Unlikely (only via pre-inoculation natural infection)",IF(ABS(3-AH26)<=1,"Likely",IF(ABS(3-AH26)=2,"Possible","Unlikely"))) -> Likely | AL26: =IF(AND(I26<8,4>=4),"Unlikely (only via pre-inoculation natural infection)",IF(ABS(4-AH26)<=1,"Likely",IF(ABS(4-AH26)=2,"Possible","Unlikely"))) -> Likely | AM26: =IF(AND(I26<8,5>=4),"Unlikely (only via pre-inoculation natural infection)",IF(ABS(5-AH26)<=1,"Likely",IF(ABS(5-AH26)=2,"Possible","Unlikely"))) -> Likely | AN26: =IF(AND(I26<8,6>=4),"Unlikely (only via pre-inoculation natural infection)",IF(ABS(6-AH26)<=1,"Likely",IF(ABS(6-AH26)=2,"Possible","Unlikely"))) -> Possible
A27: =B27&"|"&E27 -> D2V3|13/03/2026 | B27: D2V3 | C27: D2 | D27: V3 | E27: 13/03/2026 | F27: =Inputs_Treatments!$B$22 -> 46094 | G27: =Inputs_Treatments!$B$5 -> 46009 | H27: =F27-G27 -> 85 | I27: =F27-Inputs_General!$C$6 -> 36 | J27: =SUMIFS(Weather!$H$2:$H$159,Weather!$A$2:$A$159,">="&G27,Weather!$A$2:$A$159,"<="&F27) -> 962.1 | K27: =J27-Inputs_General!$C$5 -> 852.1 | L27: P | M27: =IF(L27="V","3rd fully expanded leaf from top","5th fully expanded leaf from top") -> 5th fully expanded leaf from top | N27: =AVERAGEIFS(Weather!$B$2:$B$159,Weather!$A$2:$A$159,">="&(F27-6),Weather!$A$2:$A$159,"<="&F27) -> 34.628571 | O27: =AVERAGEIFS(Weather!$C$2:$C$159,Weather!$A$2:$A$159,">="&(F27-6),Weather!$A$2:$A$159,"<="&F27) -> 16.214286 | P27: =AVERAGEIFS(Weather!$E$2:$E$159,Weather!$A$2:$A$159,">="&(F27-6),Weather!$A$2:$A$159,"<="&F27) -> 90.714286 | Q27: =AVERAGEIFS(Weather!$F$2:$F$159,Weather!$A$2:$A$159,">="&(F27-6),Weather!$A$2:$A$159,"<="&F27) -> 34.142857 | R27: =MAX(0,(N27-Inputs_General!$C$7)/Inputs_General!$C$8) -> 0.95357143 | S27: =O27+Inputs_General!$C$9*(N27-O27) -> 30.945714 | T27: =Q27+Inputs_General!$C$10*(P27-Q27) -> 51.114286 | U27: =0.6108*EXP(17.27*S27/(S27+237.3))*(1-T27/100) -> 2.1894574 | V27: =O27+Inputs_General!$C$11*(N27-O27) -> 32.787143 | W27: =Q27+Inputs_General!$C$12*(P27-Q27) -> 42.628571 | X27: =0.6108*EXP(17.27*V27/(V27+237.3))*(1-W27/100) -> 2.8515899 | Y27: =V27+Inputs_General!$C$14-Inputs_General!$C$15*X27 -> 28.369122 | Z27: =V27+Inputs_General!$C$16 -> 36.787143 | AA27: =IF(L27="V",Inputs_General!$C$17,IF(L27="F",Inputs_General!$C$18,Inputs_General!$C$19))+Inputs_General!$C$20*R27 -> 0.34767857 | AB27: =Inputs_Treatments!$C$5*Inputs_Treatments!$F$14*(1/(1+EXP(-(K27-Inputs_General!$C$27)/Inputs_General!$C$28)))*EXP(-((MAX(0,K27-Inputs_General!$C$29)/Inputs_General!$C$30)^2)) -> 3.0882461 | AC27: =Inputs_Treatments!$H$5 -> 1 | AD27: =Inputs_Treatments!$D$14 -> 0.85 | AE27: =COUNTIFS(Weather!$K$2:$K$159,1,Weather!$A$2:$A$159,">="&(G27+36),Weather!$A$2:$A$159,"<="&F27) -> 5 | AF27: =Inputs_Treatments!$C$22*Inputs_Treatments!$E$14*Inputs_Treatments!$D$5 -> 15.75 | AG27: =IF(AF27<=0,"Healthy",IF(AF27<=5,"Very low",IF(AF27<=10,"Low",IF(AF27<=25,"Moderate",IF(AF27<=50,"High","Very high"))))) -> Moderate | AH27: =MATCH(AG27,Severity_Classes!$A$4:$A$9,0) -> 4 | AI27: ="Reference: healthy (uninoculated) control plot" -> Reference: healthy (uninoculated) control plot | AJ27: =IF(AND(I27<8,2>=4),"Unlikely (only via pre-inoculation natural infection)",IF(ABS(2-AH27)<=1,"Likely",IF(ABS(2-AH27)=2,"Possible","Unlikely"))) -> Possible | AK27: =IF(AND(I27<8,3>=4),"Unlikely (only via pre-inoculation natural infection)",IF(ABS(3-AH27)<=1,"Likely",IF(ABS(3-AH27)=2,"Possible","Unlikely"))) -> Likely | AL27: =IF(AND(I27<8,4>=4),"Unlikely (only via pre-inoculation natural infection)",IF(ABS(4-AH27)<=1,"Likely",IF(ABS(4-AH27)=2,"Possible","Unlikely"))) -> Likely | AM27: =IF(AND(I27<8,5>=4),"Unlikely (only via pre-inoculation natural infection)",IF(ABS(5-AH27)<=1,"Likely",IF(ABS(5-AH27)=2,"Possible","Unlikely"))) -> Likely | AN27: =IF(AND(I27<8,6>=4),"Unlikely (only via pre-inoculation natural infection)",IF(ABS(6-AH27)<=1,"Likely",IF(ABS(6-AH27)=2,"Possible","Unlikely"))) -> Possible
A28: =B28&"|"&E28 -> D3V1|11/02/2026 | B28: D3V1 | C28: D3 | D28: V1 | E28: 11/02/2026 | F28: =Inputs_Treatments!$B$19 -> 46064 | G28: =Inputs_Treatments!$B$6 -> 46018 | H28: =F28-G28 -> 46 | I28: =F28-Inputs_General!$C$6 -> 6 | J28: =SUMIFS(Weather!$H$2:$H$159,Weather!$A$2:$A$159,">="&G28,Weather!$A$2:$A$159,"<="&F28) -> 389.85 | K28: =J28-Inputs_General!$C$5 -> 279.85 | L28: V | M28: =IF(L28="V","3rd fully expanded leaf from top","5th fully expanded leaf from top") -> 3rd fully expanded leaf from top | N28: =AVERAGEIFS(Weather!$B$2:$B$159,Weather!$A$2:$A$159,">="&(F28-6),Weather!$A$2:$A$159,"<="&F28) -> 24.142857 | O28: =AVERAGEIFS(Weather!$C$2:$C$159,Weather!$A$2:$A$159,">="&(F28-6),Weather!$A$2:$A$159,"<="&F28) -> 8.9714286 | P28: =AVERAGEIFS(Weather!$E$2:$E$159,Weather!$A$2:$A$159,">="&(F28-6),Weather!$A$2:$A$159,"<="&F28) -> 94.142857 | Q28: =AVERAGEIFS(Weather!$F$2:$F$159,Weather!$A$2:$A$159,">="&(F28-6),Weather!$A$2:$A$159,"<="&F28) -> 49 | R28: =MAX(0,(N28-Inputs_General!$C$7)/Inputs_General!$C$8) -> 0 | S28: =O28+Inputs_General!$C$9*(N28-O28) -> 21.108571 | T28: =Q28+Inputs_General!$C$10*(P28-Q28) -> 62.542857 | U28: =0.6108*EXP(17.27*S28/(S28+237.3))*(1-T28/100) -> 0.93779182 | V28: =O28+Inputs_General!$C$11*(N28-O28) -> 22.625714 | W28: =Q28+Inputs_General!$C$12*(P28-Q28) -> 55.771429 | X28: =0.6108*EXP(17.27*V28/(V28+237.3))*(1-W28/100) -> 1.2147207 | Y28: =V28+Inputs_General!$C$14-Inputs_General!$C$15*X28 -> 21.317745 | Z28: =V28+Inputs_General!$C$16 -> 26.625714 | AA28: =IF(L28="V",Inputs_General!$C$17,IF(L28="F",Inputs_General!$C$18,Inputs_General!$C$19))+Inputs_General!$C$20*R28 -> 0.12 | AB28: =Inputs_Treatments!$C$6*Inputs_Treatments!$F$12*(1/(1+EXP(-(K28-Inputs_General!$C$27)/Inputs_General!$C$28)))*EXP(-((MAX(0,K28-Inputs_General!$C$29)/Inputs_General!$C$30)^2)) -> 1.0391536 | AC28: =Inputs_Treatments!$E$6 -> 1.2 | AD28: =Inputs_Treatments!$D$12 -> 1 | AE28: =COUNTIFS(Weather!$K$2:$K$159,1,Weather!$A$2:$A$159,">="&(G28+36),Weather!$A$2:$A$159,"<="&F28) -> 3 | AF28: =Inputs_Treatments!$C$19*Inputs_Treatments!$E$12*Inputs_Treatments!$D$6 -> 1.8 | AG28: =IF(AF28<=0,"Healthy",IF(AF28<=5,"Very low",IF(AF28<=10,"Low",IF(AF28<=25,"Moderate",IF(AF28<=50,"High","Very high"))))) -> Very low | AH28: =MATCH(AG28,Severity_Classes!$A$4:$A$9,0) -> 2 | AI28: ="Reference: healthy (uninoculated) control plot" -> Reference: healthy (uninoculated) control plot | AJ28: =IF(AND(I28<8,2>=4),"Unlikely (only via pre-inoculation natural infection)",IF(ABS(2-AH28)<=1,"Likely",IF(ABS(2-AH28)=2,"Possible","Unlikely"))) -> Likely | AK28: =IF(AND(I28<8,3>=4),"Unlikely (only via pre-inoculation natural infection)",IF(ABS(3-AH28)<=1,"Likely",IF(ABS(3-AH28)=2,"Possible","Unlikely"))) -> Likely | AL28: =IF(AND(I28<8,4>=4),"Unlikely (only via pre-inoculation natural infection)",IF(ABS(4-AH28)<=1,"Likely",IF(ABS(4-AH28)=2,"Possible","Unlikely"))) -> Unlikely (only via pre-inoculation natural infection) | AM28: =IF(AND(I28<8,5>=4),"Unlikely (only via pre-inoculation natural infection)",IF(ABS(5-AH28)<=1,"Likely",IF(ABS(5-AH28)=2,"Possible","Unlikely"))) -> Unlikely (only via pre-inoculation natural infection) | AN28: =IF(AND(I28<8,6>=4),"Unlikely (only via pre-inoculation natural infection)",IF(ABS(6-AH28)<=1,"Likely",IF(ABS(6-AH28)=2,"Possible","Unlikely"))) -> Unlikely (only via pre-inoculation natural infection)
A29: =B29&"|"&E29 -> D3V1|24/02/2026 | B29: D3V1 | C29: D3 | D29: V1 | E29: 24/02/2026 | F29: =Inputs_Treatments!$B$20 -> 46077 | G29: =Inputs_Treatments!$B$6 -> 46018 | H29: =F29-G29 -> 59 | I29: =F29-Inputs_General!$C$6 -> 19 | J29: =SUMIFS(Weather!$H$2:$H$159,Weather!$A$2:$A$159,">="&G29,Weather!$A$2:$A$159,"<="&F29) -> 564.75 | K29: =J29-Inputs_General!$C$5 -> 454.75 | L29: F | M29: =IF(L29="V","3rd fully expanded leaf from top","5th fully expanded leaf from top") -> 5th fully expanded leaf from top | N29: =AVERAGEIFS(Weather!$B$2:$B$159,Weather!$A$2:$A$159,">="&(F29-6),Weather!$A$2:$A$159,"<="&F29) -> 27.185714 | O29: =AVERAGEIFS(Weather!$C$2:$C$159,Weather!$A$2:$A$159,">="&(F29-6),Weather!$A$2:$A$159,"<="&F29) -> 11.114286 | P29: =AVERAGEIFS(Weather!$E$2:$E$159,Weather!$A$2:$A$159,">="&(F29-6),Weather!$A$2:$A$159,"<="&F29) -> 94.285714 | Q29: =AVERAGEIFS(Weather!$F$2:$F$159,Weather!$A$2:$A$159,">="&(F29-6),Weather!$A$2:$A$159,"<="&F29) -> 45.142857 | R29: =MAX(0,(N29-Inputs_General!$C$7)/Inputs_General!$C$8) -> 0.023214286 | S29: =O29+Inputs_General!$C$9*(N29-O29) -> 23.971429 | T29: =Q29+Inputs_General!$C$10*(P29-Q29) -> 59.885714 | U29: =0.6108*EXP(17.27*S29/(S29+237.3))*(1-T29/100) -> 1.194926 | V29: =O29+Inputs_General!$C$11*(N29-O29) -> 25.578571 | W29: =Q29+Inputs_General!$C$12*(P29-Q29) -> 52.514286 | X29: =0.6108*EXP(17.27*V29/(V29+237.3))*(1-W29/100) -> 1.5568678 | Y29: =V29+Inputs_General!$C$14-Inputs_General!$C$15*X29 -> 23.620523 | Z29: =V29+Inputs_General!$C$16 -> 29.578571 | AA29: =IF(L29="V",Inputs_General!$C$17,IF(L29="F",Inputs_General!$C$18,Inputs_General!$C$19))+Inputs_General!$C$20*R29 -> 0.20116071 | AB29: =Inputs_Treatments!$C$6*Inputs_Treatments!$F$12*(1/(1+EXP(-(K29-Inputs_General!$C$27)/Inputs_General!$C$28)))*EXP(-((MAX(0,K29-Inputs_General!$C$29)/Inputs_General!$C$30)^2)) -> 2.140268 | AC29: =Inputs_Treatments!$F$6 -> 1.05 | AD29: =Inputs_Treatments!$D$12 -> 1 | AE29: =COUNTIFS(Weather!$K$2:$K$159,1,Weather!$A$2:$A$159,">="&(G29+36),Weather!$A$2:$A$159,"<="&F29) -> 3 | AF29: =Inputs_Treatments!$C$20*Inputs_Treatments!$E$12*Inputs_Treatments!$D$6 -> 10.8 | AG29: =IF(AF29<=0,"Healthy",IF(AF29<=5,"Very low",IF(AF29<=10,"Low",IF(AF29<=25,"Moderate",IF(AF29<=50,"High","Very high"))))) -> Moderate | AH29: =MATCH(AG29,Severity_Classes!$A$4:$A$9,0) -> 4 | AI29: ="Reference: healthy (uninoculated) control plot" -> Reference: healthy (uninoculated) control plot | AJ29: =IF(AND(I29<8,2>=4),"Unlikely (only via pre-inoculation natural infection)",IF(ABS(2-AH29)<=1,"Likely",IF(ABS(2-AH29)=2,"Possible","Unlikely"))) -> Possible | AK29: =IF(AND(I29<8,3>=4),"Unlikely (only via pre-inoculation natural infection)",IF(ABS(3-AH29)<=1,"Likely",IF(ABS(3-AH29)=2,"Possible","Unlikely"))) -> Likely | AL29: =IF(AND(I29<8,4>=4),"Unlikely (only via pre-inoculation natural infection)",IF(ABS(4-AH29)<=1,"Likely",IF(ABS(4-AH29)=2,"Possible","Unlikely"))) -> Likely | AM29: =IF(AND(I29<8,5>=4),"Unlikely (only via pre-inoculation natural infection)",IF(ABS(5-AH29)<=1,"Likely",IF(ABS(5-AH29)=2,"Possible","Unlikely"))) -> Likely | AN29: =IF(AND(I29<8,6>=4),"Unlikely (only via pre-inoculation natural infection)",IF(ABS(6-AH29)<=1,"Likely",IF(ABS(6-AH29)=2,"Possible","Unlikely"))) -> Possible
A30: =B30&"|"&E30 -> D3V1|03/03/2026 | B30: D3V1 | C30: D3 | D30: V1 | E30: 03/03/2026 | F30: =Inputs_Treatments!$B$21 -> 46084 | G30: =Inputs_Treatments!$B$6 -> 46018 | H30: =F30-G30 -> 66 | I30: =F30-Inputs_General!$C$6 -> 26 | J30: =SUMIFS(Weather!$H$2:$H$159,Weather!$A$2:$A$159,">="&G30,Weather!$A$2:$A$159,"<="&F30) -> 678.25 | K30: =J30-Inputs_General!$C$5 -> 568.25 | L30: F | M30: =IF(L30="V","3rd fully expanded leaf from top","5th fully expanded leaf from top") -> 5th fully expanded leaf from top | N30: =AVERAGEIFS(Weather!$B$2:$B$159,Weather!$A$2:$A$159,">="&(F30-6),Weather!$A$2:$A$159,"<="&F30) -> 30.471429 | O30: =AVERAGEIFS(Weather!$C$2:$C$159,Weather!$A$2:$A$159,">="&(F30-6),Weather!$A$2:$A$159,"<="&F30) -> 11.957143 | P30: =AVERAGEIFS(Weather!$E$2:$E$159,Weather!$A$2:$A$159,">="&(F30-6),Weather!$A$2:$A$159,"<="&F30) -> 90.142857 | Q30: =AVERAGEIFS(Weather!$F$2:$F$159,Weather!$A$2:$A$159,">="&(F30-6),Weather!$A$2:$A$159,"<="&F30) -> 33.571429 | R30: =MAX(0,(N30-Inputs_General!$C$7)/Inputs_General!$C$8) -> 0.43392857 | S30: =O30+Inputs_General!$C$9*(N30-O30) -> 26.768571 | T30: =Q30+Inputs_General!$C$10*(P30-Q30) -> 50.542857 | U30: =0.6108*EXP(17.27*S30/(S30+237.3))*(1-T30/100) -> 1.7395155 | V30: =O30+Inputs_General!$C$11*(N30-O30) -> 28.62 | W30: =Q30+Inputs_General!$C$12*(P30-Q30) -> 42.057143 | X30: =0.6108*EXP(17.27*V30/(V30+237.3))*(1-W30/100) -> 2.2705192 | Y30: =V30+Inputs_General!$C$14-Inputs_General!$C$15*X30 -> 25.306013 | Z30: =V30+Inputs_General!$C$16 -> 32.62 | AA30: =IF(L30="V",Inputs_General!$C$17,IF(L30="F",Inputs_General!$C$18,Inputs_General!$C$19))+Inputs_General!$C$20*R30 -> 0.22169643 | AB30: =Inputs_Treatments!$C$6*Inputs_Treatments!$F$12*(1/(1+EXP(-(K30-Inputs_General!$C$27)/Inputs_General!$C$28)))*EXP(-((MAX(0,K30-Inputs_General!$C$29)/Inputs_General!$C$30)^2)) -> 2.5221559 | AC30: =Inputs_Treatments!$G$6 -> 1 | AD30: =Inputs_Treatments!$D$12 -> 1 | AE30: =COUNTIFS(Weather!$K$2:$K$159,1,Weather!$A$2:$A$159,">="&(G30+36),Weather!$A$2:$A$159,"<="&F30) -> 3 | AF30: =Inputs_Treatments!$C$21*Inputs_Treatments!$E$12*Inputs_Treatments!$D$6 -> 16.8 | AG30: =IF(AF30<=0,"Healthy",IF(AF30<=5,"Very low",IF(AF30<=10,"Low",IF(AF30<=25,"Moderate",IF(AF30<=50,"High","Very high"))))) -> Moderate | AH30: =MATCH(AG30,Severity_Classes!$A$4:$A$9,0) -> 4 | AI30: ="Reference: healthy (uninoculated) control plot" -> Reference: healthy (uninoculated) control plot | AJ30: =IF(AND(I30<8,2>=4),"Unlikely (only via pre-inoculation natural infection)",IF(ABS(2-AH30)<=1,"Likely",IF(ABS(2-AH30)=2,"Possible","Unlikely"))) -> Possible | AK30: =IF(AND(I30<8,3>=4),"Unlikely (only via pre-inoculation natural infection)",IF(ABS(3-AH30)<=1,"Likely",IF(ABS(3-AH30)=2,"Possible","Unlikely"))) -> Likely | AL30: =IF(AND(I30<8,4>=4),"Unlikely (only via pre-inoculation natural infection)",IF(ABS(4-AH30)<=1,"Likely",IF(ABS(4-AH30)=2,"Possible","Unlikely"))) -> Likely | AM30: =IF(AND(I30<8,5>=4),"Unlikely (only via pre-inoculation natural infection)",IF(ABS(5-AH30)<=1,"Likely",IF(ABS(5-AH30)=2,"Possible","Unlikely"))) -> Likely | AN30: =IF(AND(I30<8,6>=4),"Unlikely (only via pre-inoculation natural infection)",IF(ABS(6-AH30)<=1,"Likely",IF(ABS(6-AH30)=2,"Possible","Unlikely"))) -> Possible
A31: =B31&"|"&E31 -> D3V1|13/03/2026 | B31: D3V1 | C31: D3 | D31: V1 | E31: 13/03/2026 | F31: =Inputs_Treatments!$B$22 -> 46094 | G31: =Inputs_Treatments!$B$6 -> 46018 | H31: =F31-G31 -> 76 | I31: =F31-Inputs_General!$C$6 -> 36 | J31: =SUMIFS(Weather!$H$2:$H$159,Weather!$A$2:$A$159,">="&G31,Weather!$A$2:$A$159,"<="&F31) -> 876.25 | K31: =J31-Inputs_General!$C$5 -> 766.25 | L31: P | M31: =IF(L31="V","3rd fully expanded leaf from top","5th fully expanded leaf from top") -> 5th fully expanded leaf from top | N31: =AVERAGEIFS(Weather!$B$2:$B$159,Weather!$A$2:$A$159,">="&(F31-6),Weather!$A$2:$A$159,"<="&F31) -> 34.628571 | O31: =AVERAGEIFS(Weather!$C$2:$C$159,Weather!$A$2:$A$159,">="&(F31-6),Weather!$A$2:$A$159,"<="&F31) -> 16.214286 | P31: =AVERAGEIFS(Weather!$E$2:$E$159,Weather!$A$2:$A$159,">="&(F31-6),Weather!$A$2:$A$159,"<="&F31) -> 90.714286 | Q31: =AVERAGEIFS(Weather!$F$2:$F$159,Weather!$A$2:$A$159,">="&(F31-6),Weather!$A$2:$A$159,"<="&F31) -> 34.142857 | R31: =MAX(0,(N31-Inputs_General!$C$7)/Inputs_General!$C$8) -> 0.95357143 | S31: =O31+Inputs_General!$C$9*(N31-O31) -> 30.945714 | T31: =Q31+Inputs_General!$C$10*(P31-Q31) -> 51.114286 | U31: =0.6108*EXP(17.27*S31/(S31+237.3))*(1-T31/100) -> 2.1894574 | V31: =O31+Inputs_General!$C$11*(N31-O31) -> 32.787143 | W31: =Q31+Inputs_General!$C$12*(P31-Q31) -> 42.628571 | X31: =0.6108*EXP(17.27*V31/(V31+237.3))*(1-W31/100) -> 2.8515899 | Y31: =V31+Inputs_General!$C$14-Inputs_General!$C$15*X31 -> 28.369122 | Z31: =V31+Inputs_General!$C$16 -> 36.787143 | AA31: =IF(L31="V",Inputs_General!$C$17,IF(L31="F",Inputs_General!$C$18,Inputs_General!$C$19))+Inputs_General!$C$20*R31 -> 0.34767857 | AB31: =Inputs_Treatments!$C$6*Inputs_Treatments!$F$12*(1/(1+EXP(-(K31-Inputs_General!$C$27)/Inputs_General!$C$28)))*EXP(-((MAX(0,K31-Inputs_General!$C$29)/Inputs_General!$C$30)^2)) -> 2.7203254 | AC31: =Inputs_Treatments!$H$6 -> 1 | AD31: =Inputs_Treatments!$D$12 -> 1 | AE31: =COUNTIFS(Weather!$K$2:$K$159,1,Weather!$A$2:$A$159,">="&(G31+36),Weather!$A$2:$A$159,"<="&F31) -> 3 | AF31: =Inputs_Treatments!$C$22*Inputs_Treatments!$E$12*Inputs_Treatments!$D$6 -> 21 | AG31: =IF(AF31<=0,"Healthy",IF(AF31<=5,"Very low",IF(AF31<=10,"Low",IF(AF31<=25,"Moderate",IF(AF31<=50,"High","Very high"))))) -> Moderate | AH31: =MATCH(AG31,Severity_Classes!$A$4:$A$9,0) -> 4 | AI31: ="Reference: healthy (uninoculated) control plot" -> Reference: healthy (uninoculated) control plot | AJ31: =IF(AND(I31<8,2>=4),"Unlikely (only via pre-inoculation natural infection)",IF(ABS(2-AH31)<=1,"Likely",IF(ABS(2-AH31)=2,"Possible","Unlikely"))) -> Possible | AK31: =IF(AND(I31<8,3>=4),"Unlikely (only via pre-inoculation natural infection)",IF(ABS(3-AH31)<=1,"Likely",IF(ABS(3-AH31)=2,"Possible","Unlikely"))) -> Likely | AL31: =IF(AND(I31<8,4>=4),"Unlikely (only via pre-inoculation natural infection)",IF(ABS(4-AH31)<=1,"Likely",IF(ABS(4-AH31)=2,"Possible","Unlikely"))) -> Likely | AM31: =IF(AND(I31<8,5>=4),"Unlikely (only via pre-inoculation natural infection)",IF(ABS(5-AH31)<=1,"Likely",IF(ABS(5-AH31)=2,"Possible","Unlikely"))) -> Likely | AN31: =IF(AND(I31<8,6>=4),"Unlikely (only via pre-inoculation natural infection)",IF(ABS(6-AH31)<=1,"Likely",IF(ABS(6-AH31)=2,"Possible","Unlikely"))) -> Possible
A32: =B32&"|"&E32 -> D3V2|11/02/2026 | B32: D3V2 | C32: D3 | D32: V2 | E32: 11/02/2026 | F32: =Inputs_Treatments!$B$19 -> 46064 | G32: =Inputs_Treatments!$B$6 -> 46018 | H32: =F32-G32 -> 46 | I32: =F32-Inputs_General!$C$6 -> 6 | J32: =SUMIFS(Weather!$H$2:$H$159,Weather!$A$2:$A$159,">="&G32,Weather!$A$2:$A$159,"<="&F32) -> 389.85 | K32: =J32-Inputs_General!$C$5 -> 279.85 | L32: V | M32: =IF(L32="V","3rd fully expanded leaf from top","5th fully expanded leaf from top") -> 3rd fully expanded leaf from top | N32: =AVERAGEIFS(Weather!$B$2:$B$159,Weather!$A$2:$A$159,">="&(F32-6),Weather!$A$2:$A$159,"<="&F32) -> 24.142857 | O32: =AVERAGEIFS(Weather!$C$2:$C$159,Weather!$A$2:$A$159,">="&(F32-6),Weather!$A$2:$A$159,"<="&F32) -> 8.9714286 | P32: =AVERAGEIFS(Weather!$E$2:$E$159,Weather!$A$2:$A$159,">="&(F32-6),Weather!$A$2:$A$159,"<="&F32) -> 94.142857 | Q32: =AVERAGEIFS(Weather!$F$2:$F$159,Weather!$A$2:$A$159,">="&(F32-6),Weather!$A$2:$A$159,"<="&F32) -> 49 | R32: =MAX(0,(N32-Inputs_General!$C$7)/Inputs_General!$C$8) -> 0 | S32: =O32+Inputs_General!$C$9*(N32-O32) -> 21.108571 | T32: =Q32+Inputs_General!$C$10*(P32-Q32) -> 62.542857 | U32: =0.6108*EXP(17.27*S32/(S32+237.3))*(1-T32/100) -> 0.93779182 | V32: =O32+Inputs_General!$C$11*(N32-O32) -> 22.625714 | W32: =Q32+Inputs_General!$C$12*(P32-Q32) -> 55.771429 | X32: =0.6108*EXP(17.27*V32/(V32+237.3))*(1-W32/100) -> 1.2147207 | Y32: =V32+Inputs_General!$C$14-Inputs_General!$C$15*X32 -> 21.317745 | Z32: =V32+Inputs_General!$C$16 -> 26.625714 | AA32: =IF(L32="V",Inputs_General!$C$17,IF(L32="F",Inputs_General!$C$18,Inputs_General!$C$19))+Inputs_General!$C$20*R32 -> 0.12 | AB32: =Inputs_Treatments!$C$6*Inputs_Treatments!$F$13*(1/(1+EXP(-(K32-Inputs_General!$C$27)/Inputs_General!$C$28)))*EXP(-((MAX(0,K32-Inputs_General!$C$29)/Inputs_General!$C$30)^2)) -> 1.0938459 | AC32: =Inputs_Treatments!$E$6 -> 1.2 | AD32: =Inputs_Treatments!$D$13 -> 1.1 | AE32: =COUNTIFS(Weather!$K$2:$K$159,1,Weather!$A$2:$A$159,">="&(G32+36),Weather!$A$2:$A$159,"<="&F32) -> 3 | AF32: =Inputs_Treatments!$C$19*Inputs_Treatments!$E$13*Inputs_Treatments!$D$6 -> 2.25 | AG32: =IF(AF32<=0,"Healthy",IF(AF32<=5,"Very low",IF(AF32<=10,"Low",IF(AF32<=25,"Moderate",IF(AF32<=50,"High","Very high"))))) -> Very low | AH32: =MATCH(AG32,Severity_Classes!$A$4:$A$9,0) -> 2 | AI32: ="Reference: healthy (uninoculated) control plot" -> Reference: healthy (uninoculated) control plot | AJ32: =IF(AND(I32<8,2>=4),"Unlikely (only via pre-inoculation natural infection)",IF(ABS(2-AH32)<=1,"Likely",IF(ABS(2-AH32)=2,"Possible","Unlikely"))) -> Likely | AK32: =IF(AND(I32<8,3>=4),"Unlikely (only via pre-inoculation natural infection)",IF(ABS(3-AH32)<=1,"Likely",IF(ABS(3-AH32)=2,"Possible","Unlikely"))) -> Likely | AL32: =IF(AND(I32<8,4>=4),"Unlikely (only via pre-inoculation natural infection)",IF(ABS(4-AH32)<=1,"Likely",IF(ABS(4-AH32)=2,"Possible","Unlikely"))) -> Unlikely (only via pre-inoculation natural infection) | AM32: =IF(AND(I32<8,5>=4),"Unlikely (only via pre-inoculation natural infection)",IF(ABS(5-AH32)<=1,"Likely",IF(ABS(5-AH32)=2,"Possible","Unlikely"))) -> Unlikely (only via pre-inoculation natural infection) | AN32: =IF(AND(I32<8,6>=4),"Unlikely (only via pre-inoculation natural infection)",IF(ABS(6-AH32)<=1,"Likely",IF(ABS(6-AH32)=2,"Possible","Unlikely"))) -> Unlikely (only via pre-inoculation natural infection)
